seed,round,task,agent_name,score,coins,kills,self_kill,steps_survived,invalid_actions,round_total_coins,round_total_kills,round_total_suicides,opponent_scores,max_opponent_score,score_margin,win,tie,loss,survived,died,fallback_steps,optimistic_fallback_steps
31000,0,4,our_agent,3,3,0,0,400,0,9,0,1,"{""rule_based_agent_0"": 1, ""rule_based_agent_1"": 3, ""rule_based_agent_2"": 2}",3,0,0,1,0,1,0,0,0
31001,1,4,our_agent,8,3,1,0,400,0,9,1,1,"{""rule_based_agent_0"": 0, ""rule_based_agent_1"": 5, ""rule_based_agent_2"": 1}",5,3,1,0,0,1,0,0,0
31002,2,4,our_agent,8,3,1,0,400,1,9,1,1,"{""rule_based_agent_0"": 1, ""rule_based_agent_1"": 2, ""rule_based_agent_2"": 3}",3,5,1,0,0,1,0,0,0
31003,3,4,our_agent,2,2,0,0,400,0,9,1,1,"{""rule_based_agent_0"": 1, ""rule_based_agent_1"": 0, ""rule_based_agent_2"": 11}",11,-9,0,0,1,1,0,0,0
31004,4,4,our_agent,0,0,0,0,400,1,8,1,0,"{""rule_based_agent_0"": 2, ""rule_based_agent_1"": 2, ""rule_based_agent_2"": 9}",9,-9,0,0,1,1,0,0,0
31005,5,4,our_agent,2,2,0,0,400,0,9,0,1,"{""rule_based_agent_0"": 1, ""rule_based_agent_1"": 5, ""rule_based_agent_2"": 1}",5,-3,0,0,1,1,0,0,0
31006,6,4,our_agent,3,3,0,0,400,0,9,0,2,"{""rule_based_agent_0"": 3, ""rule_based_agent_1"": 0, ""rule_based_agent_2"": 3}",3,0,0,1,0,1,0,0,0
31007,7,4,our_agent,0,0,0,0,400,1,9,0,1,"{""rule_based_agent_0"": 4, ""rule_based_agent_1"": 1, ""rule_based_agent_2"": 4}",4,-4,0,0,1,1,0,0,0
31008,8,4,our_agent,3,3,0,0,400,0,9,0,1,"{""rule_based_agent_0"": 2, ""rule_based_agent_1"": 1, ""rule_based_agent_2"": 3}",3,0,0,1,0,1,0,0,0
31009,9,4,our_agent,2,2,0,0,400,1,9,0,1,"{""rule_based_agent_0"": 3, ""rule_based_agent_1"": 2, ""rule_based_agent_2"": 2}",3,-1,0,0,1,1,0,0,0
31010,10,4,our_agent,2,2,0,0,95,1,9,2,0,"{""rule_based_agent_0"": 8, ""rule_based_agent_1"": 7, ""rule_based_agent_2"": 2}",8,-6,0,0,1,0,1,4,0
31011,11,4,our_agent,0,0,0,0,400,2,9,1,0,"{""rule_based_agent_0"": 7, ""rule_based_agent_1"": 4, ""rule_based_agent_2"": 3}",7,-7,0,0,1,1,0,0,0
31012,12,4,our_agent,6,6,0,0,400,0,9,1,2,"{""rule_based_agent_0"": 3, ""rule_based_agent_1"": 0, ""rule_based_agent_2"": 5}",5,1,1,0,0,1,0,0,0
31013,13,4,our_agent,4,4,0,0,400,0,9,0,1,"{""rule_based_agent_0"": 1, ""rule_based_agent_1"": 2, ""rule_based_agent_2"": 2}",2,2,1,0,0,1,0,0,0
31014,14,4,our_agent,7,2,1,0,400,0,9,1,1,"{""rule_based_agent_0"": 7, ""rule_based_agent_1"": 0, ""rule_based_agent_2"": 0}",7,0,0,1,0,1,0,0,0
31015,15,4,our_agent,0,0,0,0,400,1,9,1,1,"{""rule_based_agent_0"": 3, ""rule_based_agent_1"": 10, ""rule_based_agent_2"": 1}",10,-10,0,0,1,1,0,0,0
31016,16,4,our_agent,4,4,0,0,400,1,9,0,2,"{""rule_based_agent_0"": 2, ""rule_based_agent_1"": 2, ""rule_based_agent_2"": 1}",2,2,1,0,0,1,0,0,0
31017,17,4,our_agent,1,1,0,0,400,0,9,2,2,"{""rule_based_agent_0"": 10, ""rule_based_agent_1"": 5, ""rule_based_agent_2"": 3}",10,-9,0,0,1,1,0,0,0
31018,18,4,our_agent,2,2,0,0,400,0,9,1,0,"{""rule_based_agent_0"": 2, ""rule_based_agent_1"": 2, ""rule_based_agent_2"": 8}",8,-6,0,0,1,1,0,0,0
31019,19,4,our_agent,14,4,2,0,400,0,9,2,0,"{""rule_based_agent_0"": 1, ""rule_based_agent_1"": 0, ""rule_based_agent_2"": 4}",4,10,1,0,0,1,0,0,0
31020,20,4,our_agent,2,2,0,0,223,0,9,0,3,"{""rule_based_agent_0"": 3, ""rule_based_agent_1"": 1, ""rule_based_agent_2"": 3}",3,-1,0,0,1,1,0,0,0
31021,21,4,our_agent,3,3,0,0,400,0,9,0,1,"{""rule_based_agent_0"": 5, ""rule_based_agent_1"": 0, ""rule_based_agent_2"": 1}",5,-2,0,0,1,1,0,0,0
31022,22,4,our_agent,3,3,0,0,400,0,8,2,1,"{""rule_based_agent_0"": 2, ""rule_based_agent_1"": 7, ""rule_based_agent_2"": 6}",7,-4,0,0,1,1,0,0,0
31023,23,4,our_agent,1,1,0,0,400,0,9,0,1,"{""rule_based_agent_0"": 5, ""rule_based_agent_1"": 1, ""rule_based_agent_2"": 2}",5,-4,0,0,1,1,0,0,0
31024,24,4,our_agent,8,3,1,0,400,0,9,1,0,"{""rule_based_agent_0"": 1, ""rule_based_agent_1"": 3, ""rule_based_agent_2"": 2}",3,5,1,0,0,1,0,0,0
31025,25,4,our_agent,9,4,1,0,400,0,9,1,1,"{""rule_based_agent_0"": 1, ""rule_based_agent_1"": 3, ""rule_based_agent_2"": 1}",3,6,1,0,0,1,0,0,0
31026,26,4,our_agent,4,4,0,0,149,0,9,1,2,"{""rule_based_agent_0"": 2, ""rule_based_agent_1"": 1, ""rule_based_agent_2"": 7}",7,-3,0,0,1,0,1,4,0
31027,27,4,our_agent,2,2,0,0,400,3,9,0,1,"{""rule_based_agent_0"": 3, ""rule_based_agent_1"": 2, ""rule_based_agent_2"": 2}",3,-1,0,0,1,1,0,0,0
31028,28,4,our_agent,2,2,0,0,400,0,9,1,0,"{""rule_based_agent_0"": 8, ""rule_based_agent_1"": 3, ""rule_based_agent_2"": 1}",8,-6,0,0,1,1,0,0,0
31029,29,4,our_agent,4,4,0,0,400,0,9,0,1,"{""rule_based_agent_0"": 1, ""rule_based_agent_1"": 2, ""rule_based_agent_2"": 2}",2,2,1,0,0,1,0,0,0
31030,30,4,our_agent,1,1,0,0,135,1,9,2,0,"{""rule_based_agent_0"": 7, ""rule_based_agent_1"": 10, ""rule_based_agent_2"": 1}",10,-9,0,0,1,0,1,4,0
31031,31,4,our_agent,0,0,0,0,400,1,9,1,0,"{""rule_based_agent_0"": 4, ""rule_based_agent_1"": 4, ""rule_based_agent_2"": 6}",6,-6,0,0,1,1,0,0,0
31032,32,4,our_agent,2,2,0,0,400,0,9,1,1,"{""rule_based_agent_0"": 3, ""rule_based_agent_1"": 2, ""rule_based_agent_2"": 7}",7,-5,0,0,1,1,0,0,0
31033,33,4,our_agent,1,1,0,0,400,0,9,0,1,"{""rule_based_agent_0"": 3, ""rule_based_agent_1"": 4, ""rule_based_agent_2"": 1}",4,-3,0,0,1,1,0,0,0
31034,34,4,our_agent,5,5,0,0,400,0,9,0,2,"{""rule_based_agent_0"": 1, ""rule_based_agent_1"": 3, ""rule_based_agent_2"": 0}",3,2,1,0,0,1,0,0,0
31035,35,4,our_agent,0,0,0,0,104,3,9,1,2,"{""rule_based_agent_0"": 7, ""rule_based_agent_1"": 3, ""rule_based_agent_2"": 4}",7,-7,0,0,1,0,1,3,0
31036,36,4,our_agent,1,1,0,0,400,0,9,0,1,"{""rule_based_agent_0"": 3, ""rule_based_agent_1"": 3, ""rule_based_agent_2"": 2}",3,-2,0,0,1,1,0,0,0
31037,37,4,our_agent,1,1,0,0,400,0,8,0,2,"{""rule_based_agent_0"": 3, ""rule_based_agent_1"": 2, ""rule_based_agent_2"": 2}",3,-2,0,0,1,1,0,0,0
31038,38,4,our_agent,3,3,0,0,400,1,9,1,2,"{""rule_based_agent_0"": 1, ""rule_based_agent_1"": 2, ""rule_based_agent_2"": 8}",8,-5,0,0,1,1,0,0,0
31039,39,4,our_agent,7,2,1,0,400,0,9,1,1,"{""rule_based_agent_0"": 1, ""rule_based_agent_1"": 3, ""rule_based_agent_2"": 3}",3,4,1,0,0,1,0,0,0
31040,40,4,our_agent,8,3,1,0,400,0,9,2,1,"{""rule_based_agent_0"": 4, ""rule_based_agent_1"": 6, ""rule_based_agent_2"": 1}",6,2,1,0,0,1,0,0,0
31041,41,4,our_agent,4,4,0,0,400,0,8,0,2,"{""rule_based_agent_0"": 1, ""rule_based_agent_1"": 3, ""rule_based_agent_2"": 0}",3,1,1,0,0,1,0,0,0
31042,42,4,our_agent,1,1,0,0,41,0,9,1,2,"{""rule_based_agent_0"": 0, ""rule_based_agent_1"": 4, ""rule_based_agent_2"": 9}",9,-8,0,0,1,0,1,4,0
31043,43,4,our_agent,5,5,0,0,400,0,9,0,1,"{""rule_based_agent_0"": 0, ""rule_based_agent_1"": 1, ""rule_based_agent_2"": 3}",3,2,1,0,0,1,0,0,0
31044,44,4,our_agent,3,3,0,0,400,0,9,0,1,"{""rule_based_agent_0"": 1, ""rule_based_agent_1"": 2, ""rule_based_agent_2"": 3}",3,0,0,1,0,1,0,0,0
31045,45,4,our_agent,5,5,0,0,400,1,9,1,0,"{""rule_based_agent_0"": 2, ""rule_based_agent_1"": 2, ""rule_based_agent_2"": 5}",5,0,0,1,0,1,0,0,0
31046,46,4,our_agent,4,4,0,0,400,0,9,0,1,"{""rule_based_agent_0"": 0, ""rule_based_agent_1"": 1, ""rule_based_agent_2"": 4}",4,0,0,1,0,1,0,0,0
31047,47,4,our_agent,1,1,0,0,400,0,9,2,2,"{""rule_based_agent_0"": 7, ""rule_based_agent_1"": 10, ""rule_based_agent_2"": 1}",10,-9,0,0,1,1,0,0,0
31048,48,4,our_agent,1,1,0,0,400,0,9,0,2,"{""rule_based_agent_0"": 3, ""rule_based_agent_1"": 1, ""rule_based_agent_2"": 4}",4,-3,0,0,1,1,0,0,0
31049,49,4,our_agent,4,4,0,0,400,0,9,0,2,"{""rule_based_agent_0"": 1, ""rule_based_agent_1"": 2, ""rule_based_agent_2"": 2}",2,2,1,0,0,1,0,0,0
31050,50,4,our_agent,1,1,0,0,400,0,9,0,1,"{""rule_based_agent_0"": 4, ""rule_based_agent_1"": 0, ""rule_based_agent_2"": 4}",4,-3,0,0,1,1,0,0,0
31051,51,4,our_agent,2,2,0,0,400,0,9,1,1,"{""rule_based_agent_0"": 2, ""rule_based_agent_1"": 0, ""rule_based_agent_2"": 10}",10,-8,0,0,1,1,0,0,0
31052,52,4,our_agent,2,2,0,0,400,0,9,0,1,"{""rule_based_agent_0"": 2, ""rule_based_agent_1"": 3, ""rule_based_agent_2"": 2}",3,-1,0,0,1,1,0,0,0
31053,53,4,our_agent,2,2,0,0,400,0,8,1,1,"{""rule_based_agent_0"": 1, ""rule_based_agent_1"": 7, ""rule_based_agent_2"": 3}",7,-5,0,0,1,1,0,0,0
31054,54,4,our_agent,6,1,1,0,400,0,9,1,0,"{""rule_based_agent_0"": 2, ""rule_based_agent_1"": 4, ""rule_based_agent_2"": 2}",4,2,1,0,0,1,0,0,0
31055,55,4,our_agent,1,1,0,0,400,0,8,0,2,"{""rule_based_agent_0"": 1, ""rule_based_agent_1"": 5, ""rule_based_agent_2"": 1}",5,-4,0,0,1,1,0,0,0
31056,56,4,our_agent,6,1,1,0,400,0,8,1,1,"{""rule_based_agent_0"": 2, ""rule_based_agent_1"": 1, ""rule_based_agent_2"": 4}",4,2,1,0,0,1,0,0,0
31057,57,4,our_agent,8,3,1,0,400,0,9,1,1,"{""rule_based_agent_0"": 3, ""rule_based_agent_1"": 2, ""rule_based_agent_2"": 1}",3,5,1,0,0,1,0,0,0
31058,58,4,our_agent,1,1,0,0,400,0,9,1,1,"{""rule_based_agent_0"": 3, ""rule_based_agent_1"": 6, ""rule_based_agent_2"": 4}",6,-5,0,0,1,1,0,0,0
31059,59,4,our_agent,5,5,0,0,400,0,9,1,0,"{""rule_based_agent_0"": 2, ""rule_based_agent_1"": 6, ""rule_based_agent_2"": 1}",6,-1,0,0,1,1,0,0,0
31060,60,4,our_agent,3,3,0,0,400,0,9,0,2,"{""rule_based_agent_0"": 3, ""rule_based_agent_1"": 2, ""rule_based_agent_2"": 1}",3,0,0,1,0,1,0,0,0
31061,61,4,our_agent,4,4,0,0,283,0,9,0,3,"{""rule_based_agent_0"": 2, ""rule_based_agent_1"": 1, ""rule_based_agent_2"": 2}",2,2,1,0,0,1,0,0,0
31062,62,4,our_agent,3,3,0,0,400,0,9,1,2,"{""rule_based_agent_0"": 7, ""rule_based_agent_1"": 0, ""rule_based_agent_2"": 4}",7,-4,0,0,1,1,0,0,0
31063,63,4,our_agent,10,5,1,0,400,0,9,1,0,"{""rule_based_agent_0"": 2, ""rule_based_agent_1"": 1, ""rule_based_agent_2"": 1}",2,8,1,0,0,1,0,0,0
31064,64,4,our_agent,1,1,0,0,400,0,9,0,2,"{""rule_based_agent_0"": 3, ""rule_based_agent_1"": 3, ""rule_based_agent_2"": 2}",3,-2,0,0,1,1,0,0,0
31065,65,4,our_agent,3,3,0,0,400,3,9,0,1,"{""rule_based_agent_0"": 2, ""rule_based_agent_1"": 0, ""rule_based_agent_2"": 4}",4,-1,0,0,1,1,0,1,0
31066,66,4,our_agent,1,1,0,0,400,0,9,0,2,"{""rule_based_agent_0"": 1, ""rule_based_agent_1"": 2, ""rule_based_agent_2"": 5}",5,-4,0,0,1,1,0,0,0
31067,67,4,our_agent,2,2,0,0,139,1,9,1,2,"{""rule_based_agent_0"": 8, ""rule_based_agent_1"": 2, ""rule_based_agent_2"": 2}",8,-6,0,0,1,0,1,4,0
31068,68,4,our_agent,1,1,0,0,400,0,9,0,1,"{""rule_based_agent_0"": 1, ""rule_based_agent_1"": 3, ""rule_based_agent_2"": 4}",4,-3,0,0,1,1,0,0,0
31069,69,4,our_agent,9,4,1,0,400,1,9,1,0,"{""rule_based_agent_0"": 4, ""rule_based_agent_1"": 0, ""rule_based_agent_2"": 1}",4,5,1,0,0,1,0,0,0
31070,70,4,our_agent,3,3,0,0,400,0,9,0,1,"{""rule_based_agent_0"": 2, ""rule_based_agent_1"": 3, ""rule_based_agent_2"": 1}",3,0,0,1,0,1,0,0,0
31071,71,4,our_agent,1,1,0,0,400,0,9,1,2,"{""rule_based_agent_0"": 5, ""rule_based_agent_1"": 5, ""rule_based_agent_2"": 3}",5,-4,0,0,1,1,0,0,0
31072,72,4,our_agent,8,3,1,0,106,0,9,3,0,"{""rule_based_agent_0"": 1, ""rule_based_agent_1"": 8, ""rule_based_agent_2"": 7}",8,0,0,1,0,0,1,4,0
31073,73,4,our_agent,1,1,0,0,400,1,9,0,2,"{""rule_based_agent_0"": 2, ""rule_based_agent_1"": 5, ""rule_based_agent_2"": 1}",5,-4,0,0,1,1,0,0,0
31074,74,4,our_agent,2,2,0,0,400,0,9,1,1,"{""rule_based_agent_0"": 2, ""rule_based_agent_1"": 3, ""rule_based_agent_2"": 7}",7,-5,0,0,1,1,0,0,0
31075,75,4,our_agent,4,4,0,0,400,0,9,0,1,"{""rule_based_agent_0"": 1, ""rule_based_agent_1"": 2, ""rule_based_agent_2"": 2}",2,2,1,0,0,1,0,0,0
31076,76,4,our_agent,1,1,0,0,400,0,9,0,1,"{""rule_based_agent_0"": 3, ""rule_based_agent_1"": 3, ""rule_based_agent_2"": 2}",3,-2,0,0,1,1,0,0,0
31077,77,4,our_agent,1,1,0,0,400,0,9,0,2,"{""rule_based_agent_0"": 2, ""rule_based_agent_1"": 3, ""rule_based_agent_2"": 3}",3,-2,0,0,1,1,0,0,0
31078,78,4,our_agent,0,0,0,0,86,0,9,2,1,"{""rule_based_agent_0"": 1, ""rule_based_agent_1"": 5, ""rule_based_agent_2"": 13}",13,-13,0,0,1,0,1,4,0
31079,79,4,our_agent,9,4,1,0,400,0,9,1,1,"{""rule_based_agent_0"": 0, ""rule_based_agent_1"": 2, ""rule_based_agent_2"": 3}",3,6,1,0,0,1,0,0,0
31080,80,4,our_agent,2,2,0,0,400,0,9,0,2,"{""rule_based_agent_0"": 2, ""rule_based_agent_1"": 3, ""rule_based_agent_2"": 2}",3,-1,0,0,1,1,0,0,0
31081,81,4,our_agent,3,3,0,0,400,0,9,0,0,"{""rule_based_agent_0"": 1, ""rule_based_agent_1"": 2, ""rule_based_agent_2"": 3}",3,0,0,1,0,1,0,0,0
31082,82,4,our_agent,1,1,0,0,400,0,9,0,2,"{""rule_based_agent_0"": 5, ""rule_based_agent_1"": 2, ""rule_based_agent_2"": 1}",5,-4,0,0,1,1,0,0,0
31083,83,4,our_agent,3,3,0,0,400,0,9,0,1,"{""rule_based_agent_0"": 4, ""rule_based_agent_1"": 1, ""rule_based_agent_2"": 1}",4,-1,0,0,1,1,0,0,0
31084,84,4,our_agent,1,1,0,0,400,0,8,0,2,"{""rule_based_agent_0"": 1, ""rule_based_agent_1"": 3, ""rule_based_agent_2"": 3}",3,-2,0,0,1,1,0,0,0
31085,85,4,our_agent,4,4,0,0,400,0,9,1,2,"{""rule_based_agent_0"": 2, ""rule_based_agent_1"": 1, ""rule_based_agent_2"": 7}",7,-3,0,0,1,1,0,0,0
31086,86,4,our_agent,2,2,0,0,400,0,9,0,1,"{""rule_based_agent_0"": 4, ""rule_based_agent_1"": 2, ""rule_based_agent_2"": 1}",4,-2,0,0,1,1,0,0,0
31087,87,4,our_agent,6,1,1,0,400,1,8,1,1,"{""rule_based_agent_0"": 1, ""rule_based_agent_1"": 4, ""rule_based_agent_2"": 2}",4,2,1,0,0,1,0,0,0
31088,88,4,our_agent,1,1,0,0,179,2,9,1,1,"{""rule_based_agent_0"": 3, ""rule_based_agent_1"": 7, ""rule_based_agent_2"": 3}",7,-6,0,0,1,0,1,4,0
31089,89,4,our_agent,7,2,1,0,400,0,9,2,0,"{""rule_based_agent_0"": 2, ""rule_based_agent_1"": 7, ""rule_based_agent_2"": 3}",7,0,0,1,0,1,0,0,0
31090,90,4,our_agent,4,4,0,0,400,0,9,0,1,"{""rule_based_agent_0"": 3, ""rule_based_agent_1"": 2, ""rule_based_agent_2"": 0}",3,1,1,0,0,1,0,0,0
31091,91,4,our_agent,5,0,1,0,400,1,9,1,1,"{""rule_based_agent_0"": 5, ""rule_based_agent_1"": 1, ""rule_based_agent_2"": 3}",5,0,0,1,0,1,0,1,0
31092,92,4,our_agent,4,4,0,0,140,0,9,3,1,"{""rule_based_agent_0"": 6, ""rule_based_agent_1"": 3, ""rule_based_agent_2"": 11}",11,-7,0,0,1,0,1,4,0
31093,93,4,our_agent,1,1,0,0,400,0,9,0,1,"{""rule_based_agent_0"": 5, ""rule_based_agent_1"": 2, ""rule_based_agent_2"": 1}",5,-4,0,0,1,1,0,0,0
31094,94,4,our_agent,3,3,0,0,400,0,9,0,2,"{""rule_based_agent_0"": 3, ""rule_based_agent_1"": 2, ""rule_based_agent_2"": 1}",3,0,0,1,0,1,0,0,0
31095,95,4,our_agent,1,1,0,0,123,2,8,1,1,"{""rule_based_agent_0"": 1, ""rule_based_agent_1"": 9, ""rule_based_agent_2"": 2}",9,-8,0,0,1,0,1,2,0
31096,96,4,our_agent,2,2,0,0,400,0,9,0,1,"{""rule_based_agent_0"": 2, ""rule_based_agent_1"": 2, ""rule_based_agent_2"": 3}",3,-1,0,0,1,1,0,0,0
31097,97,4,our_agent,2,2,0,0,92,1,9,1,2,"{""rule_based_agent_0"": 3, ""rule_based_agent_1"": 8, ""rule_based_agent_2"": 1}",8,-6,0,0,1,0,1,4,0
31098,98,4,our_agent,5,5,0,0,400,0,9,0,1,"{""rule_based_agent_0"": 2, ""rule_based_agent_1"": 0, ""rule_based_agent_2"": 2}",2,3,1,0,0,1,0,0,0
31099,99,4,our_agent,3,3,0,0,400,1,9,0,2,"{""rule_based_agent_0"": 1, ""rule_based_agent_1"": 4, ""rule_based_agent_2"": 1}",4,-1,0,0,1,1,0,0,0
31100,100,4,our_agent,1,1,0,0,400,0,9,1,1,"{""rule_based_agent_0"": 1, ""rule_based_agent_1"": 11, ""rule_based_agent_2"": 1}",11,-10,0,0,1,1,0,0,0
31101,101,4,our_agent,5,5,0,0,357,1,9,1,1,"{""rule_based_agent_0"": 3, ""rule_based_agent_1"": 0, ""rule_based_agent_2"": 6}",6,-1,0,0,1,0,1,4,0
31102,102,4,our_agent,4,4,0,0,400,0,9,0,2,"{""rule_based_agent_0"": 0, ""rule_based_agent_1"": 1, ""rule_based_agent_2"": 4}",4,0,0,1,0,1,0,0,0
31103,103,4,our_agent,3,3,0,0,400,0,9,0,2,"{""rule_based_agent_0"": 2, ""rule_based_agent_1"": 2, ""rule_based_agent_2"": 2}",2,1,1,0,0,1,0,0,0
31104,104,4,our_agent,4,4,0,0,400,0,9,1,0,"{""rule_based_agent_0"": 0, ""rule_based_agent_1"": 2, ""rule_based_agent_2"": 8}",8,-4,0,0,1,1,0,0,0
31105,105,4,our_agent,7,7,0,0,400,0,9,0,2,"{""rule_based_agent_0"": 0, ""rule_based_agent_1"": 1, ""rule_based_agent_2"": 1}",1,6,1,0,0,1,0,0,0
31106,106,4,our_agent,5,0,1,0,400,1,9,1,1,"{""rule_based_agent_0"": 5, ""rule_based_agent_1"": 3, ""rule_based_agent_2"": 1}",5,0,0,1,0,1,0,0,0
31107,107,4,our_agent,5,5,0,0,400,0,9,0,1,"{""rule_based_agent_0"": 2, ""rule_based_agent_1"": 1, ""rule_based_agent_2"": 1}",2,3,1,0,0,1,0,0,0
31108,108,4,our_agent,1,1,0,0,105,0,9,3,2,"{""rule_based_agent_0"": 10, ""rule_based_agent_1"": 9, ""rule_based_agent_2"": 4}",10,-9,0,0,1,0,1,4,0
31109,109,4,our_agent,4,4,0,0,400,0,9,1,1,"{""rule_based_agent_0"": 5, ""rule_based_agent_1"": 3, ""rule_based_agent_2"": 2}",5,-1,0,0,1,1,0,0,0
31110,110,4,our_agent,2,2,0,0,400,1,8,0,2,"{""rule_based_agent_0"": 0, ""rule_based_agent_1"": 3, ""rule_based_agent_2"": 3}",3,-1,0,0,1,1,0,0,0
31111,111,4,our_agent,3,3,0,0,188,0,9,1,2,"{""rule_based_agent_0"": 1, ""rule_based_agent_1"": 2, ""rule_based_agent_2"": 8}",8,-5,0,0,1,0,1,4,0
31112,112,4,our_agent,3,3,0,0,400,0,9,0,1,"{""rule_based_agent_0"": 2, ""rule_based_agent_1"": 3, ""rule_based_agent_2"": 1}",3,0,0,1,0,1,0,0,0
31113,113,4,our_agent,4,4,0,0,400,0,9,0,1,"{""rule_based_agent_0"": 2, ""rule_based_agent_1"": 1, ""rule_based_agent_2"": 2}",2,2,1,0,0,1,0,0,0
31114,114,4,our_agent,1,1,0,0,400,1,9,0,2,"{""rule_based_agent_0"": 2, ""rule_based_agent_1"": 4, ""rule_based_agent_2"": 2}",4,-3,0,0,1,1,0,0,0
31115,115,4,our_agent,6,1,1,0,400,1,9,1,0,"{""rule_based_agent_0"": 3, ""rule_based_agent_1"": 2, ""rule_based_agent_2"": 3}",3,3,1,0,0,1,0,0,0
31116,116,4,our_agent,2,2,0,0,400,0,9,1,1,"{""rule_based_agent_0"": 1, ""rule_based_agent_1"": 2, ""rule_based_agent_2"": 9}",9,-7,0,0,1,1,0,0,0
31117,117,4,our_agent,2,2,0,0,400,1,9,0,2,"{""rule_based_agent_0"": 4, ""rule_based_agent_1"": 1, ""rule_based_agent_2"": 2}",4,-2,0,0,1,1,0,0,0
31118,118,4,our_agent,2,2,0,0,58,1,9,1,2,"{""rule_based_agent_0"": 10, ""rule_based_agent_1"": 0, ""rule_based_agent_2"": 2}",10,-8,0,0,1,0,1,4,0
31119,119,4,our_agent,2,2,0,0,400,0,9,0,1,"{""rule_based_agent_0"": 2, ""rule_based_agent_1"": 1, ""rule_based_agent_2"": 4}",4,-2,0,0,1,1,0,0,0
31120,120,4,our_agent,1,1,0,0,400,0,9,0,2,"{""rule_based_agent_0"": 1, ""rule_based_agent_1"": 2, ""rule_based_agent_2"": 5}",5,-4,0,0,1,1,0,0,0
31121,121,4,our_agent,2,2,0,0,400,0,9,1,1,"{""rule_based_agent_0"": 4, ""rule_based_agent_1"": 0, ""rule_based_agent_2"": 8}",8,-6,0,0,1,1,0,0,0
31122,122,4,our_agent,3,3,0,0,400,1,9,0,2,"{""rule_based_agent_0"": 3, ""rule_based_agent_1"": 2, ""rule_based_agent_2"": 1}",3,0,0,1,0,1,0,0,0
31123,123,4,our_agent,1,1,0,0,400,0,9,0,1,"{""rule_based_agent_0"": 1, ""rule_based_agent_1"": 5, ""rule_based_agent_2"": 2}",5,-4,0,0,1,1,0,0,0
31124,124,4,our_agent,4,4,0,0,400,0,9,1,1,"{""rule_based_agent_0"": 7, ""rule_based_agent_1"": 2, ""rule_based_agent_2"": 1}",7,-3,0,0,1,1,0,0,0
31125,125,4,our_agent,1,1,0,0,400,0,9,1,1,"{""rule_based_agent_0"": 0, ""rule_based_agent_1"": 5, ""rule_based_agent_2"": 8}",8,-7,0,0,1,1,0,0,0
31126,126,4,our_agent,2,2,0,0,400,1,9,1,2,"{""rule_based_agent_0"": 1, ""rule_based_agent_1"": 6, ""rule_based_agent_2"": 5}",6,-4,0,0,1,1,0,0,0
31127,127,4,our_agent,13,3,2,0,400,0,9,2,0,"{""rule_based_agent_0"": 2, ""rule_based_agent_1"": 1, ""rule_based_agent_2"": 3}",3,10,1,0,0,1,0,0,0
31128,128,4,our_agent,4,4,0,0,400,0,9,0,1,"{""rule_based_agent_0"": 2, ""rule_based_agent_1"": 2, ""rule_based_agent_2"": 1}",2,2,1,0,0,1,0,0,0
31129,129,4,our_agent,3,3,0,0,400,0,9,0,2,"{""rule_based_agent_0"": 3, ""rule_based_agent_1"": 2, ""rule_based_agent_2"": 1}",3,0,0,1,0,1,0,0,0
31130,130,4,our_agent,2,2,0,0,400,0,9,0,2,"{""rule_based_agent_0"": 2, ""rule_based_agent_1"": 3, ""rule_based_agent_2"": 2}",3,-1,0,0,1,1,0,0,0
31131,131,4,our_agent,1,1,0,0,400,1,9,0,1,"{""rule_based_agent_0"": 4, ""rule_based_agent_1"": 3, ""rule_based_agent_2"": 1}",4,-3,0,0,1,1,0,0,0
31132,132,4,our_agent,1,1,0,0,400,1,9,1,1,"{""rule_based_agent_0"": 8, ""rule_based_agent_1"": 2, ""rule_based_agent_2"": 3}",8,-7,0,0,1,1,0,0,0
31133,133,4,our_agent,3,3,0,0,400,0,9,0,1,"{""rule_based_agent_0"": 2, ""rule_based_agent_1"": 3, ""rule_based_agent_2"": 1}",3,0,0,1,0,1,0,0,0
31134,134,4,our_agent,0,0,0,0,277,1,9,3,0,"{""rule_based_agent_0"": 8, ""rule_based_agent_1"": 13, ""rule_based_agent_2"": 3}",13,-13,0,0,1,0,1,4,0
31135,135,4,our_agent,3,3,0,0,400,0,9,0,1,"{""rule_based_agent_0"": 2, ""rule_based_agent_1"": 4, ""rule_based_agent_2"": 0}",4,-1,0,0,1,1,0,0,0
31136,136,4,our_agent,2,2,0,0,400,3,9,0,2,"{""rule_based_agent_0"": 4, ""rule_based_agent_1"": 1, ""rule_based_agent_2"": 2}",4,-2,0,0,1,1,0,0,0
31137,137,4,our_agent,3,3,0,0,400,0,9,0,1,"{""rule_based_agent_0"": 2, ""rule_based_agent_1"": 2, ""rule_based_agent_2"": 2}",2,1,1,0,0,1,0,0,0
31138,138,4,our_agent,0,0,0,0,74,0,9,1,1,"{""rule_based_agent_0"": 4, ""rule_based_agent_1"": 7, ""rule_based_agent_2"": 3}",7,-7,0,0,1,0,1,4,0
31139,139,4,our_agent,1,1,0,0,400,0,9,0,2,"{""rule_based_agent_0"": 6, ""rule_based_agent_1"": 2, ""rule_based_agent_2"": 0}",6,-5,0,0,1,1,0,0,0
31140,140,4,our_agent,9,4,1,0,341,0,9,2,1,"{""rule_based_agent_0"": 1, ""rule_based_agent_1"": 1, ""rule_based_agent_2"": 8}",8,1,1,0,0,1,0,0,0
31141,141,4,our_agent,3,3,0,0,71,0,9,1,2,"{""rule_based_agent_0"": 9, ""rule_based_agent_1"": 2, ""rule_based_agent_2"": 0}",9,-6,0,0,1,0,1,4,0
31142,142,4,our_agent,2,2,0,0,400,0,9,0,1,"{""rule_based_agent_0"": 1, ""rule_based_agent_1"": 3, ""rule_based_agent_2"": 3}",3,-1,0,0,1,1,0,0,0
31143,143,4,our_agent,3,3,0,0,400,1,9,1,2,"{""rule_based_agent_0"": 3, ""rule_based_agent_1"": 2, ""rule_based_agent_2"": 6}",6,-3,0,0,1,1,0,0,0
31144,144,4,our_agent,3,3,0,0,400,0,9,0,1,"{""rule_based_agent_0"": 1, ""rule_based_agent_1"": 1, ""rule_based_agent_2"": 4}",4,-1,0,0,1,1,0,0,0
31145,145,4,our_agent,2,2,0,0,400,0,9,0,2,"{""rule_based_agent_0"": 2, ""rule_based_agent_1"": 2, ""rule_based_agent_2"": 3}",3,-1,0,0,1,1,0,0,0
31146,146,4,our_agent,1,1,0,0,400,0,9,0,1,"{""rule_based_agent_0"": 1, ""rule_based_agent_1"": 3, ""rule_based_agent_2"": 4}",4,-3,0,0,1,1,0,0,0
31147,147,4,our_agent,1,1,0,0,142,0,9,1,1,"{""rule_based_agent_0"": 5, ""rule_based_agent_1"": 1, ""rule_based_agent_2"": 7}",7,-6,0,0,1,0,1,4,0
31148,148,4,our_agent,0,0,0,0,150,0,9,2,2,"{""rule_based_agent_0"": 8, ""rule_based_agent_1"": 2, ""rule_based_agent_2"": 9}",9,-9,0,0,1,0,1,4,0
31149,149,4,our_agent,1,1,0,0,400,0,9,0,2,"{""rule_based_agent_0"": 1, ""rule_based_agent_1"": 4, ""rule_based_agent_2"": 3}",4,-3,0,0,1,1,0,0,0
31150,150,4,our_agent,3,3,0,0,400,0,9,0,2,"{""rule_based_agent_0"": 1, ""rule_based_agent_1"": 3, ""rule_based_agent_2"": 2}",3,0,0,1,0,1,0,0,0
31151,151,4,our_agent,2,2,0,0,400,0,9,1,1,"{""rule_based_agent_0"": 4, ""rule_based_agent_1"": 6, ""rule_based_agent_2"": 2}",6,-4,0,0,1,1,0,0,0
31152,152,4,our_agent,1,1,0,0,400,2,9,1,1,"{""rule_based_agent_0"": 3, ""rule_based_agent_1"": 7, ""rule_based_agent_2"": 3}",7,-6,0,0,1,1,0,0,0
31153,153,4,our_agent,0,0,0,0,400,0,9,0,2,"{""rule_based_agent_0"": 5, ""rule_based_agent_1"": 4, ""rule_based_agent_2"": 0}",5,-5,0,0,1,1,0,0,0
31154,154,4,our_agent,3,3,0,0,400,1,9,0,1,"{""rule_based_agent_0"": 2, ""rule_based_agent_1"": 2, ""rule_based_agent_2"": 2}",2,1,1,0,0,1,0,0,0
31155,155,4,our_agent,4,4,0,0,400,0,9,0,2,"{""rule_based_agent_0"": 0, ""rule_based_agent_1"": 1, ""rule_based_agent_2"": 4}",4,0,0,1,0,1,0,0,0
31156,156,4,our_agent,4,4,0,0,400,0,9,1,0,"{""rule_based_agent_0"": 1, ""rule_based_agent_1"": 2, ""rule_based_agent_2"": 7}",7,-3,0,0,1,1,0,0,0
31157,157,4,our_agent,1,1,0,0,400,1,9,0,2,"{""rule_based_agent_0"": 5, ""rule_based_agent_1"": 0, ""rule_based_agent_2"": 3}",5,-4,0,0,1,1,0,0,0
31158,158,4,our_agent,1,1,0,0,400,1,9,1,2,"{""rule_based_agent_0"": 3, ""rule_based_agent_1"": 8, ""rule_based_agent_2"": 2}",8,-7,0,0,1,1,0,0,0
31159,159,4,our_agent,9,4,1,0,400,0,9,1,1,"{""rule_based_agent_0"": 2, ""rule_based_agent_1"": 2, ""rule_based_agent_2"": 1}",2,7,1,0,0,1,0,1,0
31160,160,4,our_agent,2,2,0,0,400,1,9,0,2,"{""rule_based_agent_0"": 2, ""rule_based_agent_1"": 3, ""rule_based_agent_2"": 2}",3,-1,0,0,1,1,0,0,0
31161,161,4,our_agent,2,2,0,0,400,0,9,2,1,"{""rule_based_agent_0"": 7, ""rule_based_agent_1"": 3, ""rule_based_agent_2"": 7}",7,-5,0,0,1,1,0,0,0
31162,162,4,our_agent,8,3,1,0,400,0,8,1,1,"{""rule_based_agent_0"": 2, ""rule_based_agent_1"": 1, ""rule_based_agent_2"": 2}",2,6,1,0,0,1,0,0,0
31163,163,4,our_agent,2,2,0,0,400,0,9,2,0,"{""rule_based_agent_0"": 2, ""rule_based_agent_1"": 2, ""rule_based_agent_2"": 13}",13,-11,0,0,1,1,0,0,0
31164,164,4,our_agent,3,3,0,0,400,1,9,0,2,"{""rule_based_agent_0"": 4, ""rule_based_agent_1"": 0, ""rule_based_agent_2"": 2}",4,-1,0,0,1,1,0,0,0
31165,165,4,our_agent,2,2,0,0,112,0,9,1,2,"{""rule_based_agent_0"": 5, ""rule_based_agent_1"": 0, ""rule_based_agent_2"": 7}",7,-5,0,0,1,0,1,4,0
31166,166,4,our_agent,2,2,0,0,400,0,8,1,2,"{""rule_based_agent_0"": 7, ""rule_based_agent_1"": 3, ""rule_based_agent_2"": 1}",7,-5,0,0,1,1,0,0,0
31167,167,4,our_agent,1,1,0,0,400,0,9,0,2,"{""rule_based_agent_0"": 1, ""rule_based_agent_1"": 1, ""rule_based_agent_2"": 6}",6,-5,0,0,1,1,0,0,0
31168,168,4,our_agent,4,4,0,0,400,0,9,0,1,"{""rule_based_agent_0"": 2, ""rule_based_agent_1"": 1, ""rule_based_agent_2"": 2}",2,2,1,0,0,1,0,1,0
31169,169,4,our_agent,5,5,0,0,131,0,9,1,2,"{""rule_based_agent_0"": 0, ""rule_based_agent_1"": 6, ""rule_based_agent_2"": 3}",6,-1,0,0,1,0,1,4,0
31170,170,4,our_agent,3,3,0,0,400,0,9,0,2,"{""rule_based_agent_0"": 1, ""rule_based_agent_1"": 4, ""rule_based_agent_2"": 1}",4,-1,0,0,1,1,0,0,0
31171,171,4,our_agent,1,1,0,0,400,0,9,0,1,"{""rule_based_agent_0"": 1, ""rule_based_agent_1"": 5, ""rule_based_agent_2"": 2}",5,-4,0,0,1,1,0,0,0
31172,172,4,our_agent,2,2,0,0,400,1,9,0,2,"{""rule_based_agent_0"": 2, ""rule_based_agent_1"": 1, ""rule_based_agent_2"": 4}",4,-2,0,0,1,1,0,0,0
31173,173,4,our_agent,1,1,0,0,92,0,9,2,0,"{""rule_based_agent_0"": 14, ""rule_based_agent_1"": 1, ""rule_based_agent_2"": 3}",14,-13,0,0,1,0,1,4,0
31174,174,4,our_agent,2,2,0,0,301,0,9,0,3,"{""rule_based_agent_0"": 2, ""rule_based_agent_1"": 1, ""rule_based_agent_2"": 4}",4,-2,0,0,1,1,0,0,0
31175,175,4,our_agent,1,1,0,0,400,0,9,0,1,"{""rule_based_agent_0"": 2, ""rule_based_agent_1"": 3, ""rule_based_agent_2"": 3}",3,-2,0,0,1,1,0,0,0
31176,176,4,our_agent,4,4,0,0,400,0,9,1,1,"{""rule_based_agent_0"": 2, ""rule_based_agent_1"": 8, ""rule_based_agent_2"": 0}",8,-4,0,0,1,1,0,0,0
31177,177,4,our_agent,1,1,0,0,400,0,9,1,1,"{""rule_based_agent_0"": 10, ""rule_based_agent_1"": 1, ""rule_based_agent_2"": 2}",10,-9,0,0,1,1,0,0,0
31178,178,4,our_agent,2,2,0,0,400,0,7,0,2,"{""rule_based_agent_0"": 0, ""rule_based_agent_1"": 2, ""rule_based_agent_2"": 3}",3,-1,0,0,1,1,0,0,0
31179,179,4,our_agent,0,0,0,0,400,1,9,1,2,"{""rule_based_agent_0"": 3, ""rule_based_agent_1"": 1, ""rule_based_agent_2"": 10}",10,-10,0,0,1,1,0,0,0
31180,180,4,our_agent,3,3,0,0,400,0,9,0,2,"{""rule_based_agent_0"": 2, ""rule_based_agent_1"": 1, ""rule_based_agent_2"": 3}",3,0,0,1,0,1,0,0,0
31181,181,4,our_agent,3,3,0,0,400,0,9,1,2,"{""rule_based_agent_0"": 2, ""rule_based_agent_1"": 3, ""rule_based_agent_2"": 6}",6,-3,0,0,1,1,0,0,0
31182,182,4,our_agent,4,4,0,0,400,1,9,0,1,"{""rule_based_agent_0"": 1, ""rule_based_agent_1"": 2, ""rule_based_agent_2"": 2}",2,2,1,0,0,1,0,0,0
31183,183,4,our_agent,10,5,1,0,400,0,9,1,1,"{""rule_based_agent_0"": 1, ""rule_based_agent_1"": 2, ""rule_based_agent_2"": 1}",2,8,1,0,0,1,0,0,0
31184,184,4,our_agent,4,4,0,0,400,0,9,0,1,"{""rule_based_agent_0"": 1, ""rule_based_agent_1"": 4, ""rule_based_agent_2"": 0}",4,0,0,1,0,1,0,0,0
31185,185,4,our_agent,1,1,0,0,400,0,9,0,2,"{""rule_based_agent_0"": 2, ""rule_based_agent_1"": 1, ""rule_based_agent_2"": 5}",5,-4,0,0,1,1,0,0,0
31186,186,4,our_agent,4,4,0,0,400,0,9,1,2,"{""rule_based_agent_0"": 7, ""rule_based_agent_1"": 2, ""rule_based_agent_2"": 1}",7,-3,0,0,1,1,0,0,0
31187,187,4,our_agent,7,2,1,0,101,0,9,2,1,"{""rule_based_agent_0"": 7, ""rule_based_agent_1"": 3, ""rule_based_agent_2"": 2}",7,0,0,1,0,0,1,4,0
31188,188,4,our_agent,6,1,1,0,400,0,9,1,1,"{""rule_based_agent_0"": 2, ""rule_based_agent_1"": 1, ""rule_based_agent_2"": 5}",5,1,1,0,0,1,0,0,0
31189,189,4,our_agent,7,2,1,0,400,0,9,1,1,"{""rule_based_agent_0"": 6, ""rule_based_agent_1"": 1, ""rule_based_agent_2"": 0}",6,1,1,0,0,1,0,0,0
31190,190,4,our_agent,3,3,0,0,400,1,9,0,1,"{""rule_based_agent_0"": 1, ""rule_based_agent_1"": 3, ""rule_based_agent_2"": 2}",3,0,0,1,0,1,0,0,0
31191,191,4,our_agent,1,1,0,0,400,0,9,2,1,"{""rule_based_agent_0"": 4, ""rule_based_agent_1"": 8, ""rule_based_agent_2"": 6}",8,-7,0,0,1,1,0,0,0
31192,192,4,our_agent,4,4,0,0,400,0,8,0,2,"{""rule_based_agent_0"": 2, ""rule_based_agent_1"": 1, ""rule_based_agent_2"": 1}",2,2,1,0,0,1,0,0,0
31193,193,4,our_agent,4,4,0,0,400,0,9,0,2,"{""rule_based_agent_0"": 2, ""rule_based_agent_1"": 3, ""rule_based_agent_2"": 0}",3,1,1,0,0,1,0,0,0
31194,194,4,our_agent,1,1,0,0,400,1,9,0,1,"{""rule_based_agent_0"": 4, ""rule_based_agent_1"": 2, ""rule_based_agent_2"": 2}",4,-3,0,0,1,1,0,0,0
31195,195,4,our_agent,3,3,0,0,179,0,9,1,1,"{""rule_based_agent_0"": 4, ""rule_based_agent_1"": 2, ""rule_based_agent_2"": 5}",5,-2,0,0,1,0,1,4,0
31196,196,4,our_agent,3,3,0,0,400,0,9,0,1,"{""rule_based_agent_0"": 4, ""rule_based_agent_1"": 2, ""rule_based_agent_2"": 0}",4,-1,0,0,1,1,0,0,0
31197,197,4,our_agent,2,2,0,0,400,2,9,0,2,"{""rule_based_agent_0"": 0, ""rule_based_agent_1"": 3, ""rule_based_agent_2"": 4}",4,-2,0,0,1,1,0,0,0
31198,198,4,our_agent,3,3,0,0,400,0,9,1,1,"{""rule_based_agent_0"": 5, ""rule_based_agent_1"": 4, ""rule_based_agent_2"": 2}",5,-2,0,0,1,1,0,0,0
31199,199,4,our_agent,3,3,0,0,400,0,9,0,1,"{""rule_based_agent_0"": 0, ""rule_based_agent_1"": 4, ""rule_based_agent_2"": 2}",4,-1,0,0,1,1,0,0,0
31200,200,4,our_agent,4,4,0,0,400,1,9,1,0,"{""rule_based_agent_0"": 2, ""rule_based_agent_1"": 8, ""rule_based_agent_2"": 0}",8,-4,0,0,1,1,0,0,0
31201,201,4,our_agent,2,2,0,0,400,0,9,0,2,"{""rule_based_agent_0"": 5, ""rule_based_agent_1"": 1, ""rule_based_agent_2"": 1}",5,-3,0,0,1,1,0,0,0
31202,202,4,our_agent,1,1,0,0,400,0,9,0,2,"{""rule_based_agent_0"": 1, ""rule_based_agent_1"": 6, ""rule_based_agent_2"": 1}",6,-5,0,0,1,1,0,0,0
31203,203,4,our_agent,2,2,0,0,400,0,9,1,2,"{""rule_based_agent_0"": 6, ""rule_based_agent_1"": 2, ""rule_based_agent_2"": 4}",6,-4,0,0,1,1,0,0,0
31204,204,4,our_agent,3,3,0,0,400,0,9,0,1,"{""rule_based_agent_0"": 2, ""rule_based_agent_1"": 3, ""rule_based_agent_2"": 1}",3,0,0,1,0,1,0,0,0
31205,205,4,our_agent,3,3,0,0,400,0,8,0,2,"{""rule_based_agent_0"": 1, ""rule_based_agent_1"": 3, ""rule_based_agent_2"": 1}",3,0,0,1,0,1,0,0,0
31206,206,4,our_agent,8,3,1,0,400,0,9,1,0,"{""rule_based_agent_0"": 2, ""rule_based_agent_1"": 2, ""rule_based_agent_2"": 2}",2,6,1,0,0,1,0,0,0
31207,207,4,our_agent,3,3,0,0,400,0,9,0,2,"{""rule_based_agent_0"": 2, ""rule_based_agent_1"": 2, ""rule_based_agent_2"": 2}",2,1,1,0,0,1,0,0,0
31208,208,4,our_agent,1,1,0,0,400,1,9,0,2,"{""rule_based_agent_0"": 2, ""rule_based_agent_1"": 4, ""rule_based_agent_2"": 2}",4,-3,0,0,1,1,0,0,0
31209,209,4,our_agent,2,2,0,0,400,1,9,1,2,"{""rule_based_agent_0"": 8, ""rule_based_agent_1"": 1, ""rule_based_agent_2"": 3}",8,-6,0,0,1,1,0,0,0
31210,210,4,our_agent,5,5,0,0,162,0,8,1,3,"{""rule_based_agent_0"": 1, ""rule_based_agent_1"": 7, ""rule_based_agent_2"": 0}",7,-2,0,0,1,0,1,4,0
31211,211,4,our_agent,3,3,0,0,400,0,9,0,1,"{""rule_based_agent_0"": 2, ""rule_based_agent_1"": 3, ""rule_based_agent_2"": 1}",3,0,0,1,0,1,0,0,0
31212,212,4,our_agent,2,2,0,0,400,0,9,0,2,"{""rule_based_agent_0"": 2, ""rule_based_agent_1"": 3, ""rule_based_agent_2"": 2}",3,-1,0,0,1,1,0,0,0
31213,213,4,our_agent,3,3,0,0,400,0,9,0,0,"{""rule_based_agent_0"": 2, ""rule_based_agent_1"": 2, ""rule_based_agent_2"": 2}",2,1,1,0,0,1,0,0,0
31214,214,4,our_agent,2,2,0,0,123,1,9,1,2,"{""rule_based_agent_0"": 3, ""rule_based_agent_1"": 1, ""rule_based_agent_2"": 8}",8,-6,0,0,1,0,1,3,0
31215,215,4,our_agent,4,4,0,0,400,0,8,1,1,"{""rule_based_agent_0"": 6, ""rule_based_agent_1"": 2, ""rule_based_agent_2"": 1}",6,-2,0,0,1,1,0,0,0
31216,216,4,our_agent,5,5,0,0,400,0,9,0,0,"{""rule_based_agent_0"": 1, ""rule_based_agent_1"": 1, ""rule_based_agent_2"": 2}",2,3,1,0,0,1,0,0,0
31217,217,4,our_agent,4,4,0,0,400,1,9,0,2,"{""rule_based_agent_0"": 1, ""rule_based_agent_1"": 2, ""rule_based_agent_2"": 2}",2,2,1,0,0,1,0,0,0
31218,218,4,our_agent,3,3,0,0,400,0,8,1,1,"{""rule_based_agent_0"": 7, ""rule_based_agent_1"": 1, ""rule_based_agent_2"": 2}",7,-4,0,0,1,1,0,0,0
31219,219,4,our_agent,3,3,0,0,400,0,9,0,2,"{""rule_based_agent_0"": 3, ""rule_based_agent_1"": 1, ""rule_based_agent_2"": 2}",3,0,0,1,0,1,0,0,0
31220,220,4,our_agent,4,4,0,0,400,0,9,0,1,"{""rule_based_agent_0"": 3, ""rule_based_agent_1"": 2, ""rule_based_agent_2"": 0}",3,1,1,0,0,1,0,0,0
31221,221,4,our_agent,4,4,0,0,400,0,9,1,1,"{""rule_based_agent_0"": 2, ""rule_based_agent_1"": 2, ""rule_based_agent_2"": 6}",6,-2,0,0,1,1,0,0,0
31222,222,4,our_agent,1,1,0,0,400,0,9,0,1,"{""rule_based_agent_0"": 1, ""rule_based_agent_1"": 5, ""rule_based_agent_2"": 2}",5,-4,0,0,1,1,0,0,0
31223,223,4,our_agent,4,4,0,0,400,0,8,0,2,"{""rule_based_agent_0"": 0, ""rule_based_agent_1"": 1, ""rule_based_agent_2"": 3}",3,1,1,0,0,1,0,0,0
31224,224,4,our_agent,3,3,0,0,400,0,9,0,1,"{""rule_based_agent_0"": 1, ""rule_based_agent_1"": 4, ""rule_based_agent_2"": 1}",4,-1,0,0,1,1,0,0,0
31225,225,4,our_agent,2,2,0,0,400,0,8,0,2,"{""rule_based_agent_0"": 4, ""rule_based_agent_1"": 2, ""rule_based_agent_2"": 0}",4,-2,0,0,1,1,0,0,0
31226,226,4,our_agent,1,1,0,0,400,0,9,0,2,"{""rule_based_agent_0"": 3, ""rule_based_agent_1"": 3, ""rule_based_agent_2"": 2}",3,-2,0,0,1,1,0,0,0
31227,227,4,our_agent,3,3,0,0,400,0,9,1,0,"{""rule_based_agent_0"": 6, ""rule_based_agent_1"": 4, ""rule_based_agent_2"": 1}",6,-3,0,0,1,1,0,0,0
31228,228,4,our_agent,3,3,0,0,400,0,9,0,2,"{""rule_based_agent_0"": 2, ""rule_based_agent_1"": 1, ""rule_based_agent_2"": 3}",3,0,0,1,0,1,0,0,0
31229,229,4,our_agent,3,3,0,0,400,1,9,0,2,"{""rule_based_agent_0"": 1, ""rule_based_agent_1"": 2, ""rule_based_agent_2"": 3}",3,0,0,1,0,1,0,0,0
31230,230,4,our_agent,4,4,0,0,400,0,9,1,0,"{""rule_based_agent_0"": 7, ""rule_based_agent_1"": 2, ""rule_based_agent_2"": 1}",7,-3,0,0,1,1,0,0,0
31231,231,4,our_agent,3,3,0,0,400,1,9,1,1,"{""rule_based_agent_0"": 8, ""rule_based_agent_1"": 0, ""rule_based_agent_2"": 3}",8,-5,0,0,1,1,0,0,0
31232,232,4,our_agent,2,2,0,0,400,0,9,0,2,"{""rule_based_agent_0"": 2, ""rule_based_agent_1"": 4, ""rule_based_agent_2"": 1}",4,-2,0,0,1,1,0,0,0
31233,233,4,our_agent,4,4,0,0,400,0,9,0,2,"{""rule_based_agent_0"": 2, ""rule_based_agent_1"": 0, ""rule_based_agent_2"": 3}",3,1,1,0,0,1,0,0,0
31234,234,4,our_agent,1,1,0,0,76,0,9,1,2,"{""rule_based_agent_0"": 2, ""rule_based_agent_1"": 5, ""rule_based_agent_2"": 6}",6,-5,0,0,1,0,1,2,0
31235,235,4,our_agent,5,5,0,0,113,1,9,1,2,"{""rule_based_agent_0"": 1, ""rule_based_agent_1"": 3, ""rule_based_agent_2"": 5}",5,0,0,1,0,0,1,4,0
31236,236,4,our_agent,2,2,0,0,400,0,9,0,1,"{""rule_based_agent_0"": 2, ""rule_based_agent_1"": 2, ""rule_based_agent_2"": 3}",3,-1,0,0,1,1,0,0,0
31237,237,4,our_agent,3,3,0,0,400,1,9,0,2,"{""rule_based_agent_0"": 1, ""rule_based_agent_1"": 1, ""rule_based_agent_2"": 4}",4,-1,0,0,1,1,0,0,0
31238,238,4,our_agent,8,3,1,0,290,0,9,1,2,"{""rule_based_agent_0"": 1, ""rule_based_agent_1"": 3, ""rule_based_agent_2"": 2}",3,5,1,0,0,1,0,0,0
31239,239,4,our_agent,2,2,0,0,400,0,9,0,1,"{""rule_based_agent_0"": 3, ""rule_based_agent_1"": 3, ""rule_based_agent_2"": 1}",3,-1,0,0,1,1,0,0,0
31240,240,4,our_agent,1,1,0,0,400,3,7,0,2,"{""rule_based_agent_0"": 1, ""rule_based_agent_1"": 3, ""rule_based_agent_2"": 2}",3,-2,0,0,1,1,0,0,0
31241,241,4,our_agent,9,4,1,0,302,1,9,1,2,"{""rule_based_agent_0"": 2, ""rule_based_agent_1"": 0, ""rule_based_agent_2"": 3}",3,6,1,0,0,1,0,0,0
31242,242,4,our_agent,5,5,0,0,400,0,9,1,1,"{""rule_based_agent_0"": 2, ""rule_based_agent_1"": 6, ""rule_based_agent_2"": 1}",6,-1,0,0,1,1,0,0,0
31243,243,4,our_agent,2,2,0,0,400,0,9,0,2,"{""rule_based_agent_0"": 3, ""rule_based_agent_1"": 2, ""rule_based_agent_2"": 2}",3,-1,0,0,1,1,0,0,0
31244,244,4,our_agent,7,2,1,0,400,0,8,1,1,"{""rule_based_agent_0"": 2, ""rule_based_agent_1"": 3, ""rule_based_agent_2"": 1}",3,4,1,0,0,1,0,0,0
31245,245,4,our_agent,2,2,0,0,400,0,9,0,1,"{""rule_based_agent_0"": 4, ""rule_based_agent_1"": 2, ""rule_based_agent_2"": 1}",4,-2,0,0,1,1,0,0,0
31246,246,4,our_agent,1,1,0,0,400,0,8,0,2,"{""rule_based_agent_0"": 3, ""rule_based_agent_1"": 2, ""rule_based_agent_2"": 2}",3,-2,0,0,1,1,0,0,0
31247,247,4,our_agent,7,2,1,0,400,0,9,1,1,"{""rule_based_agent_0"": 4, ""rule_based_agent_1"": 1, ""rule_based_agent_2"": 2}",4,3,1,0,0,1,0,0,0
31248,248,4,our_agent,2,2,0,0,251,1,9,2,1,"{""rule_based_agent_0"": 14, ""rule_based_agent_1"": 2, ""rule_based_agent_2"": 1}",14,-12,0,0,1,0,1,3,0
31249,249,4,our_agent,1,1,0,0,400,0,9,0,1,"{""rule_based_agent_0"": 1, ""rule_based_agent_1"": 5, ""rule_based_agent_2"": 2}",5,-4,0,0,1,1,0,0,0
31250,250,4,our_agent,3,3,0,0,400,0,9,0,1,"{""rule_based_agent_0"": 2, ""rule_based_agent_1"": 2, ""rule_based_agent_2"": 2}",2,1,1,0,0,1,0,0,0
31251,251,4,our_agent,4,4,0,0,400,2,8,0,2,"{""rule_based_agent_0"": 0, ""rule_based_agent_1"": 1, ""rule_based_agent_2"": 3}",3,1,1,0,0,1,0,0,0
31252,252,4,our_agent,1,1,0,0,74,3,9,1,2,"{""rule_based_agent_0"": 1, ""rule_based_agent_1"": 3, ""rule_based_agent_2"": 9}",9,-8,0,0,1,0,1,4,0
31253,253,4,our_agent,2,2,0,0,400,0,9,0,2,"{""rule_based_agent_0"": 4, ""rule_based_agent_1"": 0, ""rule_based_agent_2"": 3}",4,-2,0,0,1,1,0,0,0
31254,254,4,our_agent,9,4,1,0,307,1,9,3,0,"{""rule_based_agent_0"": 2, ""rule_based_agent_1"": 8, ""rule_based_agent_2"": 5}",8,1,1,0,0,1,0,0,0
31255,255,4,our_agent,9,4,1,0,400,1,9,1,0,"{""rule_based_agent_0"": 3, ""rule_based_agent_1"": 0, ""rule_based_agent_2"": 2}",3,6,1,0,0,1,0,0,0
31256,256,4,our_agent,1,1,0,0,400,0,9,0,1,"{""rule_based_agent_0"": 2, ""rule_based_agent_1"": 2, ""rule_based_agent_2"": 4}",4,-3,0,0,1,1,0,0,0
31257,257,4,our_agent,3,3,0,0,400,0,8,1,2,"{""rule_based_agent_0"": 1, ""rule_based_agent_1"": 7, ""rule_based_agent_2"": 2}",7,-4,0,0,1,1,0,0,0
31258,258,4,our_agent,9,4,1,0,400,0,9,1,1,"{""rule_based_agent_0"": 2, ""rule_based_agent_1"": 2, ""rule_based_agent_2"": 1}",2,7,1,0,0,1,0,0,0
31259,259,4,our_agent,4,4,0,0,400,0,9,0,2,"{""rule_based_agent_0"": 0, ""rule_based_agent_1"": 1, ""rule_based_agent_2"": 4}",4,0,0,1,0,1,0,0,0
31260,260,4,our_agent,1,1,0,0,400,0,8,0,2,"{""rule_based_agent_0"": 2, ""rule_based_agent_1"": 5, ""rule_based_agent_2"": 0}",5,-4,0,0,1,1,0,0,0
31261,261,4,our_agent,1,1,0,0,132,0,9,1,1,"{""rule_based_agent_0"": 1, ""rule_based_agent_1"": 6, ""rule_based_agent_2"": 6}",6,-5,0,0,1,0,1,2,0
31262,262,4,our_agent,1,1,0,0,77,1,9,1,1,"{""rule_based_agent_0"": 7, ""rule_based_agent_1"": 2, ""rule_based_agent_2"": 4}",7,-6,0,0,1,0,1,4,0
31263,263,4,our_agent,9,4,1,0,400,1,9,1,1,"{""rule_based_agent_0"": 2, ""rule_based_agent_1"": 2, ""rule_based_agent_2"": 1}",2,7,1,0,0,1,0,0,0
31264,264,4,our_agent,6,6,0,0,400,0,9,1,2,"{""rule_based_agent_0"": 1, ""rule_based_agent_1"": 5, ""rule_based_agent_2"": 2}",5,1,1,0,0,1,0,0,0
31265,265,4,our_agent,10,5,1,0,400,3,9,2,0,"{""rule_based_agent_0"": 3, ""rule_based_agent_1"": 1, ""rule_based_agent_2"": 5}",5,5,1,0,0,1,0,0,0
31266,266,4,our_agent,3,3,0,0,400,0,9,1,1,"{""rule_based_agent_0"": 6, ""rule_based_agent_1"": 1, ""rule_based_agent_2"": 4}",6,-3,0,0,1,1,0,0,0
31267,267,4,our_agent,3,3,0,0,400,0,9,1,0,"{""rule_based_agent_0"": 2, ""rule_based_agent_1"": 2, ""rule_based_agent_2"": 7}",7,-4,0,0,1,1,0,0,0
31268,268,4,our_agent,2,2,0,0,400,0,9,1,1,"{""rule_based_agent_0"": 6, ""rule_based_agent_1"": 4, ""rule_based_agent_2"": 2}",6,-4,0,0,1,1,0,0,0
31269,269,4,our_agent,2,2,0,0,400,1,9,0,1,"{""rule_based_agent_0"": 2, ""rule_based_agent_1"": 2, ""rule_based_agent_2"": 3}",3,-1,0,0,1,1,0,0,0
31270,270,4,our_agent,6,1,1,0,400,0,9,1,1,"{""rule_based_agent_0"": 2, ""rule_based_agent_1"": 5, ""rule_based_agent_2"": 1}",5,1,1,0,0,1,0,0,0
31271,271,4,our_agent,8,3,1,0,400,0,9,1,1,"{""rule_based_agent_0"": 2, ""rule_based_agent_1"": 2, ""rule_based_agent_2"": 2}",2,6,1,0,0,1,0,0,0
31272,272,4,our_agent,5,5,0,0,312,0,9,0,3,"{""rule_based_agent_0"": 2, ""rule_based_agent_1"": 0, ""rule_based_agent_2"": 2}",2,3,1,0,0,1,0,0,0
31273,273,4,our_agent,2,2,0,0,400,0,9,0,2,"{""rule_based_agent_0"": 1, ""rule_based_agent_1"": 3, ""rule_based_agent_2"": 3}",3,-1,0,0,1,1,0,0,0
31274,274,4,our_agent,1,1,0,0,139,0,9,2,2,"{""rule_based_agent_0"": 7, ""rule_based_agent_1"": 1, ""rule_based_agent_2"": 10}",10,-9,0,0,1,0,1,4,0
31275,275,4,our_agent,2,2,0,0,400,0,9,1,0,"{""rule_based_agent_0"": 9, ""rule_based_agent_1"": 1, ""rule_based_agent_2"": 2}",9,-7,0,0,1,1,0,0,0
31276,276,4,our_agent,2,2,0,0,400,0,9,1,0,"{""rule_based_agent_0"": 2, ""rule_based_agent_1"": 5, ""rule_based_agent_2"": 5}",5,-3,0,0,1,1,0,1,0
31277,277,4,our_agent,2,2,0,0,400,0,9,0,2,"{""rule_based_agent_0"": 3, ""rule_based_agent_1"": 4, ""rule_based_agent_2"": 0}",4,-2,0,0,1,1,0,0,0
31278,278,4,our_agent,1,1,0,0,400,1,9,0,2,"{""rule_based_agent_0"": 2, ""rule_based_agent_1"": 5, ""rule_based_agent_2"": 1}",5,-4,0,0,1,1,0,0,0
31279,279,4,our_agent,1,1,0,0,400,0,9,0,1,"{""rule_based_agent_0"": 1, ""rule_based_agent_1"": 1, ""rule_based_agent_2"": 6}",6,-5,0,0,1,1,0,0,0
31280,280,4,our_agent,5,0,1,0,400,0,9,1,0,"{""rule_based_agent_0"": 3, ""rule_based_agent_1"": 5, ""rule_based_agent_2"": 1}",5,0,0,1,0,1,0,0,0
31281,281,4,our_agent,6,1,1,0,400,0,8,2,2,"{""rule_based_agent_0"": 4, ""rule_based_agent_1"": 2, ""rule_based_agent_2"": 6}",6,0,0,1,0,1,0,0,0
31282,282,4,our_agent,1,1,0,0,400,0,9,1,1,"{""rule_based_agent_0"": 1, ""rule_based_agent_1"": 4, ""rule_based_agent_2"": 8}",8,-7,0,0,1,1,0,0,0
31283,283,4,our_agent,6,1,1,0,118,2,9,2,0,"{""rule_based_agent_0"": 1, ""rule_based_agent_1"": 8, ""rule_based_agent_2"": 4}",8,-2,0,0,1,0,1,3,0
31284,284,4,our_agent,2,2,0,0,107,1,9,1,1,"{""rule_based_agent_0"": 8, ""rule_based_agent_1"": 1, ""rule_based_agent_2"": 3}",8,-6,0,0,1,0,1,4,0
31285,285,4,our_agent,1,1,0,0,400,0,9,1,2,"{""rule_based_agent_0"": 0, ""rule_based_agent_1"": 10, ""rule_based_agent_2"": 3}",10,-9,0,0,1,1,0,0,0
31286,286,4,our_agent,2,2,0,0,400,1,9,0,2,"{""rule_based_agent_0"": 5, ""rule_based_agent_1"": 2, ""rule_based_agent_2"": 0}",5,-3,0,0,1,1,0,0,0
31287,287,4,our_agent,1,1,0,0,400,0,9,0,1,"{""rule_based_agent_0"": 5, ""rule_based_agent_1"": 1, ""rule_based_agent_2"": 2}",5,-4,0,0,1,1,0,0,0
31288,288,4,our_agent,1,1,0,0,400,0,9,0,1,"{""rule_based_agent_0"": 2, ""rule_based_agent_1"": 3, ""rule_based_agent_2"": 3}",3,-2,0,0,1,1,0,1,0
31289,289,4,our_agent,2,2,0,0,400,0,9,0,2,"{""rule_based_agent_0"": 2, ""rule_based_agent_1"": 3, ""rule_based_agent_2"": 2}",3,-1,0,0,1,1,0,0,0
31290,290,4,our_agent,3,3,0,0,108,1,9,1,2,"{""rule_based_agent_0"": 3, ""rule_based_agent_1"": 5, ""rule_based_agent_2"": 3}",5,-2,0,0,1,0,1,2,0
31291,291,4,our_agent,8,3,1,0,400,0,9,1,0,"{""rule_based_agent_0"": 2, ""rule_based_agent_1"": 1, ""rule_based_agent_2"": 3}",3,5,1,0,0,1,0,0,0
31292,292,4,our_agent,5,5,0,0,137,1,9,3,2,"{""rule_based_agent_0"": 8, ""rule_based_agent_1"": 1, ""rule_based_agent_2"": 10}",10,-5,0,0,1,0,1,4,0
31293,293,4,our_agent,5,5,0,0,342,0,9,0,3,"{""rule_based_agent_0"": 2, ""rule_based_agent_1"": 1, ""rule_based_agent_2"": 1}",2,3,1,0,0,1,0,0,0
31294,294,4,our_agent,3,3,0,0,400,0,9,0,2,"{""rule_based_agent_0"": 4, ""rule_based_agent_1"": 2, ""rule_based_agent_2"": 0}",4,-1,0,0,1,1,0,0,0
31295,295,4,our_agent,9,4,1,0,400,0,9,2,1,"{""rule_based_agent_0"": 1, ""rule_based_agent_1"": 8, ""rule_based_agent_2"": 1}",8,1,1,0,0,1,0,0,0
31296,296,4,our_agent,3,3,0,0,400,0,9,0,1,"{""rule_based_agent_0"": 3, ""rule_based_agent_1"": 3, ""rule_based_agent_2"": 0}",3,0,0,1,0,1,0,0,0
31297,297,4,our_agent,2,2,0,0,400,0,9,1,1,"{""rule_based_agent_0"": 0, ""rule_based_agent_1"": 4, ""rule_based_agent_2"": 8}",8,-6,0,0,1,1,0,0,0
31298,298,4,our_agent,2,2,0,0,400,0,8,0,2,"{""rule_based_agent_0"": 2, ""rule_based_agent_1"": 2, ""rule_based_agent_2"": 2}",2,0,0,1,0,1,0,0,0
31299,299,4,our_agent,3,3,0,0,400,0,9,0,2,"{""rule_based_agent_0"": 3, ""rule_based_agent_1"": 3, ""rule_based_agent_2"": 0}",3,0,0,1,0,1,0,0,0
