seed,round,task,agent_name,score,coins,kills,self_kill,steps_survived,invalid_actions,round_total_coins,round_total_kills,round_total_suicides,opponent_scores,max_opponent_score,score_margin,win,tie,loss
27000,0,4,our_agent,2,2,0,0,400,1,9,1,1,"{""rule_based_agent_0"": 2, ""rule_based_agent_1"": 3, ""rule_based_agent_2"": 7}",7,-5,0,0,1
27001,1,4,our_agent,3,3,0,0,400,0,9,0,2,"{""rule_based_agent_0"": 3, ""rule_based_agent_1"": 1, ""rule_based_agent_2"": 2}",3,0,0,1,0
27002,2,4,our_agent,2,2,0,0,400,1,9,1,1,"{""rule_based_agent_0"": 1, ""rule_based_agent_1"": 1, ""rule_based_agent_2"": 10}",10,-8,0,0,1
27003,3,4,our_agent,2,2,0,1,79,0,9,0,2,"{""rule_based_agent_0"": 0, ""rule_based_agent_1"": 2, ""rule_based_agent_2"": 5}",5,-3,0,0,1
27004,4,4,our_agent,10,5,1,0,400,0,9,1,1,"{""rule_based_agent_0"": 2, ""rule_based_agent_1"": 1, ""rule_based_agent_2"": 1}",2,8,1,0,0
27005,5,4,our_agent,3,3,0,0,400,0,9,0,2,"{""rule_based_agent_0"": 2, ""rule_based_agent_1"": 3, ""rule_based_agent_2"": 1}",3,0,0,1,0
27006,6,4,our_agent,2,2,0,0,400,0,9,0,2,"{""rule_based_agent_0"": 4, ""rule_based_agent_1"": 0, ""rule_based_agent_2"": 3}",4,-2,0,0,1
27007,7,4,our_agent,2,2,0,0,400,0,9,1,0,"{""rule_based_agent_0"": 3, ""rule_based_agent_1"": 6, ""rule_based_agent_2"": 3}",6,-4,0,0,1
27008,8,4,our_agent,2,2,0,0,100,1,9,1,2,"{""rule_based_agent_0"": 8, ""rule_based_agent_1"": 1, ""rule_based_agent_2"": 3}",8,-6,0,0,1
27009,9,4,our_agent,8,3,1,0,400,0,9,1,2,"{""rule_based_agent_0"": 1, ""rule_based_agent_1"": 2, ""rule_based_agent_2"": 3}",3,5,1,0,0
27010,10,4,our_agent,4,4,0,0,400,0,9,0,1,"{""rule_based_agent_0"": 0, ""rule_based_agent_1"": 2, ""rule_based_agent_2"": 3}",3,1,1,0,0
27011,11,4,our_agent,0,0,0,0,400,1,9,0,2,"{""rule_based_agent_0"": 2, ""rule_based_agent_1"": 5, ""rule_based_agent_2"": 2}",5,-5,0,0,1
27012,12,4,our_agent,1,1,0,0,400,0,9,1,0,"{""rule_based_agent_0"": 0, ""rule_based_agent_1"": 5, ""rule_based_agent_2"": 8}",8,-7,0,0,1
27013,13,4,our_agent,2,2,0,0,400,1,9,0,1,"{""rule_based_agent_0"": 3, ""rule_based_agent_1"": 3, ""rule_based_agent_2"": 1}",3,-1,0,0,1
27014,14,4,our_agent,3,3,0,0,400,0,9,1,1,"{""rule_based_agent_0"": 8, ""rule_based_agent_1"": 3, ""rule_based_agent_2"": 0}",8,-5,0,0,1
27015,15,4,our_agent,8,3,1,1,91,2,8,1,1,"{""rule_based_agent_0"": 0, ""rule_based_agent_1"": 4, ""rule_based_agent_2"": 1}",4,4,1,0,0
27016,16,4,our_agent,5,5,0,0,268,0,9,0,3,"{""rule_based_agent_0"": 3, ""rule_based_agent_1"": 1, ""rule_based_agent_2"": 0}",3,2,1,0,0
27017,17,4,our_agent,7,2,1,0,400,1,8,1,2,"{""rule_based_agent_0"": 3, ""rule_based_agent_1"": 1, ""rule_based_agent_2"": 2}",3,4,1,0,0
27018,18,4,our_agent,3,3,0,0,400,0,9,0,2,"{""rule_based_agent_0"": 4, ""rule_based_agent_1"": 1, ""rule_based_agent_2"": 1}",4,-1,0,0,1
27019,19,4,our_agent,3,3,0,0,400,1,9,0,2,"{""rule_based_agent_0"": 5, ""rule_based_agent_1"": 1, ""rule_based_agent_2"": 0}",5,-2,0,0,1
27020,20,4,our_agent,3,3,0,0,400,0,9,0,2,"{""rule_based_agent_0"": 0, ""rule_based_agent_1"": 3, ""rule_based_agent_2"": 3}",3,0,0,1,0
27021,21,4,our_agent,0,0,0,0,73,0,9,2,0,"{""rule_based_agent_0"": 3, ""rule_based_agent_1"": 13, ""rule_based_agent_2"": 3}",13,-13,0,0,1
27022,22,4,our_agent,3,3,0,0,400,0,8,0,2,"{""rule_based_agent_0"": 0, ""rule_based_agent_1"": 3, ""rule_based_agent_2"": 2}",3,0,0,1,0
27023,23,4,our_agent,12,2,2,0,400,1,9,2,0,"{""rule_based_agent_0"": 2, ""rule_based_agent_1"": 2, ""rule_based_agent_2"": 3}",3,9,1,0,0
27024,24,4,our_agent,0,0,0,0,286,0,9,2,1,"{""rule_based_agent_0"": 12, ""rule_based_agent_1"": 5, ""rule_based_agent_2"": 2}",12,-12,0,0,1
27025,25,4,our_agent,7,2,1,0,400,0,9,1,1,"{""rule_based_agent_0"": 2, ""rule_based_agent_1"": 0, ""rule_based_agent_2"": 5}",5,2,1,0,0
27026,26,4,our_agent,1,1,0,0,60,0,9,1,1,"{""rule_based_agent_0"": 9, ""rule_based_agent_1"": 2, ""rule_based_agent_2"": 2}",9,-8,0,0,1
27027,27,4,our_agent,7,2,1,0,400,0,9,1,2,"{""rule_based_agent_0"": 2, ""rule_based_agent_1"": 3, ""rule_based_agent_2"": 2}",3,4,1,0,0
27028,28,4,our_agent,1,1,0,0,400,1,9,1,2,"{""rule_based_agent_0"": 1, ""rule_based_agent_1"": 6, ""rule_based_agent_2"": 6}",6,-5,0,0,1
27029,29,4,our_agent,2,2,0,0,400,0,9,0,1,"{""rule_based_agent_0"": 2, ""rule_based_agent_1"": 3, ""rule_based_agent_2"": 2}",3,-1,0,0,1
27030,30,4,our_agent,5,5,0,0,400,1,9,0,2,"{""rule_based_agent_0"": 2, ""rule_based_agent_1"": 0, ""rule_based_agent_2"": 2}",2,3,1,0,0
27031,31,4,our_agent,3,3,0,0,400,0,9,0,1,"{""rule_based_agent_0"": 3, ""rule_based_agent_1"": 1, ""rule_based_agent_2"": 2}",3,0,0,1,0
27032,32,4,our_agent,7,7,0,0,400,0,9,0,1,"{""rule_based_agent_0"": 0, ""rule_based_agent_1"": 1, ""rule_based_agent_2"": 1}",1,6,1,0,0
27033,33,4,our_agent,3,3,0,0,400,0,8,1,0,"{""rule_based_agent_0"": 2, ""rule_based_agent_1"": 2, ""rule_based_agent_2"": 6}",6,-3,0,0,1
27034,34,4,our_agent,3,3,0,0,122,0,9,1,1,"{""rule_based_agent_0"": 8, ""rule_based_agent_1"": 2, ""rule_based_agent_2"": 1}",8,-5,0,0,1
27035,35,4,our_agent,2,2,0,0,110,0,9,1,2,"{""rule_based_agent_0"": 1, ""rule_based_agent_1"": 3, ""rule_based_agent_2"": 8}",8,-6,0,0,1
27036,36,4,our_agent,3,3,0,0,400,1,9,1,0,"{""rule_based_agent_0"": 6, ""rule_based_agent_1"": 3, ""rule_based_agent_2"": 2}",6,-3,0,0,1
27037,37,4,our_agent,5,5,0,0,315,0,9,2,1,"{""rule_based_agent_0"": 6, ""rule_based_agent_1"": 2, ""rule_based_agent_2"": 6}",6,-1,0,0,1
27038,38,4,our_agent,3,3,0,0,400,0,8,1,1,"{""rule_based_agent_0"": 2, ""rule_based_agent_1"": 5, ""rule_based_agent_2"": 3}",5,-2,0,0,1
27039,39,4,our_agent,1,1,0,0,71,0,9,2,0,"{""rule_based_agent_0"": 2, ""rule_based_agent_1"": 6, ""rule_based_agent_2"": 10}",10,-9,0,0,1
27040,40,4,our_agent,1,1,0,0,400,0,9,0,1,"{""rule_based_agent_0"": 4, ""rule_based_agent_1"": 3, ""rule_based_agent_2"": 1}",4,-3,0,0,1
27041,41,4,our_agent,1,1,0,0,400,0,9,0,2,"{""rule_based_agent_0"": 2, ""rule_based_agent_1"": 4, ""rule_based_agent_2"": 2}",4,-3,0,0,1
27042,42,4,our_agent,3,3,0,0,400,0,9,0,2,"{""rule_based_agent_0"": 2, ""rule_based_agent_1"": 2, ""rule_based_agent_2"": 2}",2,1,1,0,0
27043,43,4,our_agent,0,0,0,0,400,0,9,0,1,"{""rule_based_agent_0"": 5, ""rule_based_agent_1"": 2, ""rule_based_agent_2"": 2}",5,-5,0,0,1
27044,44,4,our_agent,2,2,0,0,400,0,9,1,1,"{""rule_based_agent_0"": 11, ""rule_based_agent_1"": 0, ""rule_based_agent_2"": 1}",11,-9,0,0,1
27045,45,4,our_agent,4,4,0,0,400,0,9,0,2,"{""rule_based_agent_0"": 2, ""rule_based_agent_1"": 2, ""rule_based_agent_2"": 1}",2,2,1,0,0
27046,46,4,our_agent,0,0,0,0,400,0,9,1,1,"{""rule_based_agent_0"": 3, ""rule_based_agent_1"": 2, ""rule_based_agent_2"": 9}",9,-9,0,0,1
27047,47,4,our_agent,1,1,0,0,400,1,9,1,0,"{""rule_based_agent_0"": 0, ""rule_based_agent_1"": 9, ""rule_based_agent_2"": 4}",9,-8,0,0,1
27048,48,4,our_agent,3,3,0,0,400,1,9,1,1,"{""rule_based_agent_0"": 1, ""rule_based_agent_1"": 8, ""rule_based_agent_2"": 2}",8,-5,0,0,1
27049,49,4,our_agent,2,2,0,0,400,0,9,0,2,"{""rule_based_agent_0"": 0, ""rule_based_agent_1"": 4, ""rule_based_agent_2"": 3}",4,-2,0,0,1
27050,50,4,our_agent,7,2,1,0,400,1,9,1,1,"{""rule_based_agent_0"": 3, ""rule_based_agent_1"": 1, ""rule_based_agent_2"": 3}",3,4,1,0,0
27051,51,4,our_agent,1,1,0,0,400,0,9,0,1,"{""rule_based_agent_0"": 5, ""rule_based_agent_1"": 3, ""rule_based_agent_2"": 0}",5,-4,0,0,1
27052,52,4,our_agent,4,4,0,0,400,0,9,1,1,"{""rule_based_agent_0"": 2, ""rule_based_agent_1"": 5, ""rule_based_agent_2"": 3}",5,-1,0,0,1
27053,53,4,our_agent,0,0,0,0,400,1,9,0,2,"{""rule_based_agent_0"": 4, ""rule_based_agent_1"": 4, ""rule_based_agent_2"": 1}",4,-4,0,0,1
27054,54,4,our_agent,8,3,1,0,400,0,9,1,2,"{""rule_based_agent_0"": 3, ""rule_based_agent_1"": 1, ""rule_based_agent_2"": 2}",3,5,1,0,0
27055,55,4,our_agent,1,1,0,0,53,0,9,1,2,"{""rule_based_agent_0"": 8, ""rule_based_agent_1"": 2, ""rule_based_agent_2"": 3}",8,-7,0,0,1
27056,56,4,our_agent,6,6,0,0,400,0,9,1,1,"{""rule_based_agent_0"": 2, ""rule_based_agent_1"": 0, ""rule_based_agent_2"": 6}",6,0,0,1,0
27057,57,4,our_agent,2,2,0,0,139,1,9,1,1,"{""rule_based_agent_0"": 9, ""rule_based_agent_1"": 1, ""rule_based_agent_2"": 2}",9,-7,0,0,1
27058,58,4,our_agent,0,0,0,1,67,1,9,0,3,"{""rule_based_agent_0"": 3, ""rule_based_agent_1"": 5, ""rule_based_agent_2"": 1}",5,-5,0,0,1
27059,59,4,our_agent,2,2,0,0,400,0,9,1,0,"{""rule_based_agent_0"": 8, ""rule_based_agent_1"": 3, ""rule_based_agent_2"": 1}",8,-6,0,0,1
27060,60,4,our_agent,8,3,1,0,400,1,9,1,1,"{""rule_based_agent_0"": 4, ""rule_based_agent_1"": 1, ""rule_based_agent_2"": 1}",4,4,1,0,0
27061,61,4,our_agent,3,3,0,0,400,0,9,0,1,"{""rule_based_agent_0"": 2, ""rule_based_agent_1"": 3, ""rule_based_agent_2"": 1}",3,0,0,1,0
27062,62,4,our_agent,0,0,0,0,74,0,7,1,1,"{""rule_based_agent_0"": 3, ""rule_based_agent_1"": 2, ""rule_based_agent_2"": 7}",7,-7,0,0,1
27063,63,4,our_agent,4,4,0,0,400,0,9,0,1,"{""rule_based_agent_0"": 3, ""rule_based_agent_1"": 1, ""rule_based_agent_2"": 1}",3,1,1,0,0
27064,64,4,our_agent,3,3,0,1,107,1,9,0,3,"{""rule_based_agent_0"": 2, ""rule_based_agent_1"": 3, ""rule_based_agent_2"": 1}",3,0,0,1,0
27065,65,4,our_agent,1,1,0,0,400,0,9,0,2,"{""rule_based_agent_0"": 2, ""rule_based_agent_1"": 0, ""rule_based_agent_2"": 6}",6,-5,0,0,1
27066,66,4,our_agent,6,6,0,0,400,1,9,0,1,"{""rule_based_agent_0"": 2, ""rule_based_agent_1"": 0, ""rule_based_agent_2"": 1}",2,4,1,0,0
27067,67,4,our_agent,3,3,0,0,400,0,9,0,1,"{""rule_based_agent_0"": 2, ""rule_based_agent_1"": 3, ""rule_based_agent_2"": 1}",3,0,0,1,0
27068,68,4,our_agent,7,2,1,0,400,1,8,1,1,"{""rule_based_agent_0"": 3, ""rule_based_agent_1"": 2, ""rule_based_agent_2"": 1}",3,4,1,0,0
27069,69,4,our_agent,2,2,0,1,157,1,9,0,3,"{""rule_based_agent_0"": 2, ""rule_based_agent_1"": 1, ""rule_based_agent_2"": 4}",4,-2,0,0,1
27070,70,4,our_agent,3,3,0,1,361,2,9,0,3,"{""rule_based_agent_0"": 1, ""rule_based_agent_1"": 1, ""rule_based_agent_2"": 4}",4,-1,0,0,1
27071,71,4,our_agent,1,1,0,0,400,1,9,0,2,"{""rule_based_agent_0"": 4, ""rule_based_agent_1"": 2, ""rule_based_agent_2"": 2}",4,-3,0,0,1
27072,72,4,our_agent,2,2,0,0,89,0,9,1,2,"{""rule_based_agent_0"": 2, ""rule_based_agent_1"": 8, ""rule_based_agent_2"": 2}",8,-6,0,0,1
27073,73,4,our_agent,2,2,0,0,400,2,9,0,2,"{""rule_based_agent_0"": 2, ""rule_based_agent_1"": 2, ""rule_based_agent_2"": 3}",3,-1,0,0,1
27074,74,4,our_agent,3,3,0,0,400,0,9,0,1,"{""rule_based_agent_0"": 2, ""rule_based_agent_1"": 3, ""rule_based_agent_2"": 1}",3,0,0,1,0
27075,75,4,our_agent,2,2,0,0,400,0,9,0,2,"{""rule_based_agent_0"": 2, ""rule_based_agent_1"": 5, ""rule_based_agent_2"": 0}",5,-3,0,0,1
27076,76,4,our_agent,3,3,0,0,400,0,9,1,0,"{""rule_based_agent_0"": 8, ""rule_based_agent_1"": 0, ""rule_based_agent_2"": 3}",8,-5,0,0,1
27077,77,4,our_agent,4,4,0,0,400,0,9,0,1,"{""rule_based_agent_0"": 2, ""rule_based_agent_1"": 3, ""rule_based_agent_2"": 0}",3,1,1,0,0
27078,78,4,our_agent,4,4,0,0,400,0,9,1,0,"{""rule_based_agent_0"": 3, ""rule_based_agent_1"": 1, ""rule_based_agent_2"": 6}",6,-2,0,0,1
27079,79,4,our_agent,2,2,0,0,400,0,9,0,1,"{""rule_based_agent_0"": 1, ""rule_based_agent_1"": 4, ""rule_based_agent_2"": 2}",4,-2,0,0,1
27080,80,4,our_agent,2,2,0,0,400,0,9,0,1,"{""rule_based_agent_0"": 1, ""rule_based_agent_1"": 0, ""rule_based_agent_2"": 6}",6,-4,0,0,1
27081,81,4,our_agent,1,1,0,0,400,0,9,1,0,"{""rule_based_agent_0"": 5, ""rule_based_agent_1"": 1, ""rule_based_agent_2"": 7}",7,-6,0,0,1
27082,82,4,our_agent,2,2,0,0,400,0,9,1,2,"{""rule_based_agent_0"": 0, ""rule_based_agent_1"": 10, ""rule_based_agent_2"": 2}",10,-8,0,0,1
27083,83,4,our_agent,7,7,0,0,400,2,9,1,0,"{""rule_based_agent_0"": 5, ""rule_based_agent_1"": 2, ""rule_based_agent_2"": 0}",5,2,1,0,0
27084,84,4,our_agent,2,2,0,0,283,1,9,1,2,"{""rule_based_agent_0"": 3, ""rule_based_agent_1"": 8, ""rule_based_agent_2"": 1}",8,-6,0,0,1
27085,85,4,our_agent,1,1,0,0,400,1,9,0,2,"{""rule_based_agent_0"": 4, ""rule_based_agent_1"": 3, ""rule_based_agent_2"": 1}",4,-3,0,0,1
27086,86,4,our_agent,1,1,0,0,75,1,9,1,1,"{""rule_based_agent_0"": 5, ""rule_based_agent_1"": 5, ""rule_based_agent_2"": 3}",5,-4,0,0,1
27087,87,4,our_agent,7,2,1,0,400,0,9,1,1,"{""rule_based_agent_0"": 1, ""rule_based_agent_1"": 3, ""rule_based_agent_2"": 3}",3,4,1,0,0
27088,88,4,our_agent,7,2,1,0,400,1,9,3,1,"{""rule_based_agent_0"": 6, ""rule_based_agent_1"": 1, ""rule_based_agent_2"": 10}",10,-3,0,0,1
27089,89,4,our_agent,4,4,0,0,400,2,9,0,2,"{""rule_based_agent_0"": 2, ""rule_based_agent_1"": 3, ""rule_based_agent_2"": 0}",3,1,1,0,0
27090,90,4,our_agent,7,2,1,0,400,0,9,2,1,"{""rule_based_agent_0"": 1, ""rule_based_agent_1"": 3, ""rule_based_agent_2"": 8}",8,-1,0,0,1
27091,91,4,our_agent,2,2,0,0,400,2,9,0,2,"{""rule_based_agent_0"": 4, ""rule_based_agent_1"": 0, ""rule_based_agent_2"": 3}",4,-2,0,0,1
27092,92,4,our_agent,1,1,0,0,400,0,9,0,1,"{""rule_based_agent_0"": 2, ""rule_based_agent_1"": 3, ""rule_based_agent_2"": 3}",3,-2,0,0,1
27093,93,4,our_agent,4,4,0,0,400,0,9,1,1,"{""rule_based_agent_0"": 2, ""rule_based_agent_1"": 3, ""rule_based_agent_2"": 5}",5,-1,0,0,1
27094,94,4,our_agent,3,3,0,0,400,1,9,1,0,"{""rule_based_agent_0"": 10, ""rule_based_agent_1"": 1, ""rule_based_agent_2"": 0}",10,-7,0,0,1
27095,95,4,our_agent,2,2,0,0,400,0,9,0,2,"{""rule_based_agent_0"": 3, ""rule_based_agent_1"": 1, ""rule_based_agent_2"": 3}",3,-1,0,0,1
27096,96,4,our_agent,3,3,0,0,400,0,8,0,2,"{""rule_based_agent_0"": 1, ""rule_based_agent_1"": 3, ""rule_based_agent_2"": 1}",3,0,0,1,0
27097,97,4,our_agent,9,4,1,0,400,0,9,1,0,"{""rule_based_agent_0"": 1, ""rule_based_agent_1"": 2, ""rule_based_agent_2"": 2}",2,7,1,0,0
27098,98,4,our_agent,4,4,0,0,400,0,9,0,1,"{""rule_based_agent_0"": 1, ""rule_based_agent_1"": 4, ""rule_based_agent_2"": 0}",4,0,0,1,0
27099,99,4,our_agent,1,1,0,0,114,0,9,1,2,"{""rule_based_agent_0"": 10, ""rule_based_agent_1"": 1, ""rule_based_agent_2"": 2}",10,-9,0,0,1
27100,100,4,our_agent,1,1,0,0,400,2,9,0,1,"{""rule_based_agent_0"": 2, ""rule_based_agent_1"": 2, ""rule_based_agent_2"": 4}",4,-3,0,0,1
27101,101,4,our_agent,2,2,0,0,400,1,9,1,0,"{""rule_based_agent_0"": 3, ""rule_based_agent_1"": 9, ""rule_based_agent_2"": 0}",9,-7,0,0,1
27102,102,4,our_agent,6,1,1,0,123,0,9,3,1,"{""rule_based_agent_0"": 8, ""rule_based_agent_1"": 1, ""rule_based_agent_2"": 9}",9,-3,0,0,1
27103,103,4,our_agent,5,0,1,0,400,1,9,2,0,"{""rule_based_agent_0"": 5, ""rule_based_agent_1"": 8, ""rule_based_agent_2"": 1}",8,-3,0,0,1
27104,104,4,our_agent,1,1,0,0,46,0,8,1,1,"{""rule_based_agent_0"": 2, ""rule_based_agent_1"": 7, ""rule_based_agent_2"": 3}",7,-6,0,0,1
27105,105,4,our_agent,8,3,1,0,400,1,9,2,2,"{""rule_based_agent_0"": 0, ""rule_based_agent_1"": 2, ""rule_based_agent_2"": 9}",9,-1,0,0,1
27106,106,4,our_agent,4,4,0,0,400,0,9,0,2,"{""rule_based_agent_0"": 2, ""rule_based_agent_1"": 2, ""rule_based_agent_2"": 1}",2,2,1,0,0
27107,107,4,our_agent,1,1,0,1,121,1,9,0,2,"{""rule_based_agent_0"": 3, ""rule_based_agent_1"": 2, ""rule_based_agent_2"": 3}",3,-2,0,0,1
27108,108,4,our_agent,1,1,0,0,400,0,9,1,1,"{""rule_based_agent_0"": 5, ""rule_based_agent_1"": 1, ""rule_based_agent_2"": 7}",7,-6,0,0,1
27109,109,4,our_agent,6,6,0,0,400,0,9,0,1,"{""rule_based_agent_0"": 2, ""rule_based_agent_1"": 1, ""rule_based_agent_2"": 0}",2,4,1,0,0
27110,110,4,our_agent,7,2,1,0,400,0,9,1,1,"{""rule_based_agent_0"": 4, ""rule_based_agent_1"": 1, ""rule_based_agent_2"": 2}",4,3,1,0,0
27111,111,4,our_agent,2,2,0,0,400,0,9,0,1,"{""rule_based_agent_0"": 1, ""rule_based_agent_1"": 5, ""rule_based_agent_2"": 1}",5,-3,0,0,1
27112,112,4,our_agent,1,1,0,0,400,1,9,1,1,"{""rule_based_agent_0"": 4, ""rule_based_agent_1"": 8, ""rule_based_agent_2"": 1}",8,-7,0,0,1
27113,113,4,our_agent,3,3,0,0,400,0,9,1,0,"{""rule_based_agent_0"": 5, ""rule_based_agent_1"": 4, ""rule_based_agent_2"": 2}",5,-2,0,0,1
27114,114,4,our_agent,1,1,0,0,182,0,9,1,2,"{""rule_based_agent_0"": 1, ""rule_based_agent_1"": 11, ""rule_based_agent_2"": 1}",11,-10,0,0,1
27115,115,4,our_agent,0,0,0,0,400,1,9,1,2,"{""rule_based_agent_0"": 8, ""rule_based_agent_1"": 3, ""rule_based_agent_2"": 3}",8,-8,0,0,1
27116,116,4,our_agent,2,2,0,0,400,0,9,0,2,"{""rule_based_agent_0"": 4, ""rule_based_agent_1"": 2, ""rule_based_agent_2"": 1}",4,-2,0,0,1
27117,117,4,our_agent,3,3,0,1,84,1,9,1,1,"{""rule_based_agent_0"": 7, ""rule_based_agent_1"": 0, ""rule_based_agent_2"": 4}",7,-4,0,0,1
27118,118,4,our_agent,2,2,0,0,400,2,7,0,2,"{""rule_based_agent_0"": 1, ""rule_based_agent_1"": 3, ""rule_based_agent_2"": 1}",3,-1,0,0,1
27119,119,4,our_agent,3,3,0,0,400,1,9,1,0,"{""rule_based_agent_0"": 7, ""rule_based_agent_1"": 3, ""rule_based_agent_2"": 1}",7,-4,0,0,1
27120,120,4,our_agent,3,3,0,0,400,1,9,0,1,"{""rule_based_agent_0"": 1, ""rule_based_agent_1"": 2, ""rule_based_agent_2"": 3}",3,0,0,1,0
27121,121,4,our_agent,1,1,0,0,400,1,9,0,2,"{""rule_based_agent_0"": 2, ""rule_based_agent_1"": 5, ""rule_based_agent_2"": 1}",5,-4,0,0,1
27122,122,4,our_agent,2,2,0,0,400,2,9,0,2,"{""rule_based_agent_0"": 5, ""rule_based_agent_1"": 1, ""rule_based_agent_2"": 1}",5,-3,0,0,1
27123,123,4,our_agent,0,0,0,0,67,0,9,1,2,"{""rule_based_agent_0"": 4, ""rule_based_agent_1"": 2, ""rule_based_agent_2"": 8}",8,-8,0,0,1
27124,124,4,our_agent,1,1,0,0,52,0,9,1,2,"{""rule_based_agent_0"": 7, ""rule_based_agent_1"": 6, ""rule_based_agent_2"": 0}",7,-6,0,0,1
27125,125,4,our_agent,2,2,0,0,400,0,9,1,1,"{""rule_based_agent_0"": 2, ""rule_based_agent_1"": 5, ""rule_based_agent_2"": 5}",5,-3,0,0,1
27126,126,4,our_agent,2,2,0,0,400,2,9,0,1,"{""rule_based_agent_0"": 4, ""rule_based_agent_1"": 1, ""rule_based_agent_2"": 2}",4,-2,0,0,1
27127,127,4,our_agent,1,1,0,0,400,0,9,0,1,"{""rule_based_agent_0"": 2, ""rule_based_agent_1"": 4, ""rule_based_agent_2"": 2}",4,-3,0,0,1
27128,128,4,our_agent,2,2,0,0,400,1,9,0,2,"{""rule_based_agent_0"": 1, ""rule_based_agent_1"": 3, ""rule_based_agent_2"": 3}",3,-1,0,0,1
27129,129,4,our_agent,1,1,0,0,400,0,9,0,1,"{""rule_based_agent_0"": 2, ""rule_based_agent_1"": 3, ""rule_based_agent_2"": 3}",3,-2,0,0,1
27130,130,4,our_agent,1,1,0,0,400,1,9,0,1,"{""rule_based_agent_0"": 2, ""rule_based_agent_1"": 2, ""rule_based_agent_2"": 4}",4,-3,0,0,1
27131,131,4,our_agent,1,1,0,0,400,1,8,1,2,"{""rule_based_agent_0"": 0, ""rule_based_agent_1"": 7, ""rule_based_agent_2"": 5}",7,-6,0,0,1
27132,132,4,our_agent,4,4,0,0,400,0,9,0,1,"{""rule_based_agent_0"": 3, ""rule_based_agent_1"": 1, ""rule_based_agent_2"": 1}",3,1,1,0,0
27133,133,4,our_agent,1,1,0,0,400,0,9,1,0,"{""rule_based_agent_0"": 4, ""rule_based_agent_1"": 7, ""rule_based_agent_2"": 2}",7,-6,0,0,1
27134,134,4,our_agent,2,2,0,0,400,0,9,0,1,"{""rule_based_agent_0"": 1, ""rule_based_agent_1"": 2, ""rule_based_agent_2"": 4}",4,-2,0,0,1
27135,135,4,our_agent,2,2,0,0,139,0,9,3,0,"{""rule_based_agent_0"": 9, ""rule_based_agent_1"": 7, ""rule_based_agent_2"": 6}",9,-7,0,0,1
27136,136,4,our_agent,4,4,0,0,400,0,9,1,0,"{""rule_based_agent_0"": 6, ""rule_based_agent_1"": 2, ""rule_based_agent_2"": 2}",6,-2,0,0,1
27137,137,4,our_agent,1,1,0,0,99,0,9,1,1,"{""rule_based_agent_0"": 8, ""rule_based_agent_1"": 0, ""rule_based_agent_2"": 5}",8,-7,0,0,1
27138,138,4,our_agent,3,3,0,0,400,0,9,0,1,"{""rule_based_agent_0"": 1, ""rule_based_agent_1"": 1, ""rule_based_agent_2"": 4}",4,-1,0,0,1
27139,139,4,our_agent,6,6,0,0,400,0,9,0,1,"{""rule_based_agent_0"": 0, ""rule_based_agent_1"": 0, ""rule_based_agent_2"": 3}",3,3,1,0,0
27140,140,4,our_agent,1,1,0,0,400,0,9,0,2,"{""rule_based_agent_0"": 5, ""rule_based_agent_1"": 3, ""rule_based_agent_2"": 0}",5,-4,0,0,1
27141,141,4,our_agent,6,1,1,0,198,1,9,2,0,"{""rule_based_agent_0"": 5, ""rule_based_agent_1"": 8, ""rule_based_agent_2"": 0}",8,-2,0,0,1
27142,142,4,our_agent,1,1,0,0,400,1,9,1,2,"{""rule_based_agent_0"": 1, ""rule_based_agent_1"": 12, ""rule_based_agent_2"": 0}",12,-11,0,0,1
27143,143,4,our_agent,4,4,0,0,400,0,9,0,1,"{""rule_based_agent_0"": 3, ""rule_based_agent_1"": 2, ""rule_based_agent_2"": 0}",3,1,1,0,0
27144,144,4,our_agent,7,2,1,0,400,1,9,1,0,"{""rule_based_agent_0"": 3, ""rule_based_agent_1"": 1, ""rule_based_agent_2"": 3}",3,4,1,0,0
27145,145,4,our_agent,3,3,0,0,400,1,9,2,2,"{""rule_based_agent_0"": 7, ""rule_based_agent_1"": 9, ""rule_based_agent_2"": 0}",9,-6,0,0,1
27146,146,4,our_agent,1,1,0,1,135,1,9,0,3,"{""rule_based_agent_0"": 1, ""rule_based_agent_1"": 3, ""rule_based_agent_2"": 4}",4,-3,0,0,1
27147,147,4,our_agent,1,1,0,0,400,0,9,0,2,"{""rule_based_agent_0"": 1, ""rule_based_agent_1"": 1, ""rule_based_agent_2"": 6}",6,-5,0,0,1
27148,148,4,our_agent,3,3,0,0,400,0,9,1,1,"{""rule_based_agent_0"": 3, ""rule_based_agent_1"": 5, ""rule_based_agent_2"": 3}",5,-2,0,0,1
27149,149,4,our_agent,9,4,1,0,330,3,9,1,3,"{""rule_based_agent_0"": 2, ""rule_based_agent_1"": 2, ""rule_based_agent_2"": 1}",2,7,1,0,0
27150,150,4,our_agent,1,1,0,0,400,0,9,1,2,"{""rule_based_agent_0"": 11, ""rule_based_agent_1"": 1, ""rule_based_agent_2"": 1}",11,-10,0,0,1
27151,151,4,our_agent,5,0,1,0,400,0,7,1,2,"{""rule_based_agent_0"": 2, ""rule_based_agent_1"": 4, ""rule_based_agent_2"": 1}",4,1,1,0,0
27152,152,4,our_agent,7,2,1,0,400,0,9,1,0,"{""rule_based_agent_0"": 2, ""rule_based_agent_1"": 3, ""rule_based_agent_2"": 2}",3,4,1,0,0
27153,153,4,our_agent,1,1,0,0,400,0,9,0,1,"{""rule_based_agent_0"": 4, ""rule_based_agent_1"": 1, ""rule_based_agent_2"": 3}",4,-3,0,0,1
27154,154,4,our_agent,4,4,0,0,400,1,9,0,1,"{""rule_based_agent_0"": 1, ""rule_based_agent_1"": 3, ""rule_based_agent_2"": 1}",3,1,1,0,0
27155,155,4,our_agent,12,2,2,0,259,0,9,3,1,"{""rule_based_agent_0"": 5, ""rule_based_agent_1"": 5, ""rule_based_agent_2"": 2}",5,7,1,0,0
27156,156,4,our_agent,7,7,0,0,301,0,9,2,1,"{""rule_based_agent_0"": 6, ""rule_based_agent_1"": 6, ""rule_based_agent_2"": 0}",6,1,1,0,0
27157,157,4,our_agent,1,1,0,1,333,3,9,0,2,"{""rule_based_agent_0"": 3, ""rule_based_agent_1"": 4, ""rule_based_agent_2"": 1}",4,-3,0,0,1
27158,158,4,our_agent,2,2,0,0,400,0,9,0,1,"{""rule_based_agent_0"": 2, ""rule_based_agent_1"": 1, ""rule_based_agent_2"": 4}",4,-2,0,0,1
27159,159,4,our_agent,12,2,2,0,400,0,9,2,1,"{""rule_based_agent_0"": 2, ""rule_based_agent_1"": 2, ""rule_based_agent_2"": 3}",3,9,1,0,0
27160,160,4,our_agent,6,1,1,0,400,0,9,1,1,"{""rule_based_agent_0"": 2, ""rule_based_agent_1"": 2, ""rule_based_agent_2"": 4}",4,2,1,0,0
27161,161,4,our_agent,3,3,0,0,110,0,9,2,1,"{""rule_based_agent_0"": 6, ""rule_based_agent_1"": 10, ""rule_based_agent_2"": 0}",10,-7,0,0,1
27162,162,4,our_agent,3,3,0,0,400,1,9,0,2,"{""rule_based_agent_0"": 4, ""rule_based_agent_1"": 1, ""rule_based_agent_2"": 1}",4,-1,0,0,1
27163,163,4,our_agent,2,2,0,0,400,1,7,0,2,"{""rule_based_agent_0"": 3, ""rule_based_agent_1"": 2, ""rule_based_agent_2"": 0}",3,-1,0,0,1
27164,164,4,our_agent,11,6,1,0,347,1,9,1,2,"{""rule_based_agent_0"": 1, ""rule_based_agent_1"": 0, ""rule_based_agent_2"": 2}",2,9,1,0,0
27165,165,4,our_agent,3,3,0,0,400,0,9,1,1,"{""rule_based_agent_0"": 8, ""rule_based_agent_1"": 1, ""rule_based_agent_2"": 2}",8,-5,0,0,1
27166,166,4,our_agent,1,1,0,0,400,0,9,0,1,"{""rule_based_agent_0"": 1, ""rule_based_agent_1"": 3, ""rule_based_agent_2"": 4}",4,-3,0,0,1
27167,167,4,our_agent,0,0,0,0,400,0,9,0,2,"{""rule_based_agent_0"": 4, ""rule_based_agent_1"": 2, ""rule_based_agent_2"": 3}",4,-4,0,0,1
27168,168,4,our_agent,1,1,0,0,400,0,9,0,1,"{""rule_based_agent_0"": 1, ""rule_based_agent_1"": 2, ""rule_based_agent_2"": 5}",5,-4,0,0,1
27169,169,4,our_agent,2,2,0,0,400,0,9,1,1,"{""rule_based_agent_0"": 0, ""rule_based_agent_1"": 10, ""rule_based_agent_2"": 2}",10,-8,0,0,1
27170,170,4,our_agent,1,1,0,0,400,1,9,1,1,"{""rule_based_agent_0"": 7, ""rule_based_agent_1"": 2, ""rule_based_agent_2"": 4}",7,-6,0,0,1
27171,171,4,our_agent,3,3,0,0,400,0,9,1,1,"{""rule_based_agent_0"": 1, ""rule_based_agent_1"": 4, ""rule_based_agent_2"": 6}",6,-3,0,0,1
27172,172,4,our_agent,4,4,0,0,159,0,9,3,2,"{""rule_based_agent_0"": 3, ""rule_based_agent_1"": 11, ""rule_based_agent_2"": 6}",11,-7,0,0,1
27173,173,4,our_agent,8,3,1,0,400,3,9,2,0,"{""rule_based_agent_0"": 6, ""rule_based_agent_1"": 2, ""rule_based_agent_2"": 3}",6,2,1,0,0
27174,174,4,our_agent,1,1,0,0,400,0,9,0,1,"{""rule_based_agent_0"": 0, ""rule_based_agent_1"": 3, ""rule_based_agent_2"": 5}",5,-4,0,0,1
27175,175,4,our_agent,7,2,1,0,216,1,9,2,1,"{""rule_based_agent_0"": 8, ""rule_based_agent_1"": 1, ""rule_based_agent_2"": 3}",8,-1,0,0,1
27176,176,4,our_agent,3,3,0,0,400,0,9,0,1,"{""rule_based_agent_0"": 3, ""rule_based_agent_1"": 1, ""rule_based_agent_2"": 2}",3,0,0,1,0
27177,177,4,our_agent,4,4,0,0,271,0,9,2,3,"{""rule_based_agent_0"": 7, ""rule_based_agent_1"": 1, ""rule_based_agent_2"": 7}",7,-3,0,0,1
27178,178,4,our_agent,3,3,0,0,400,0,9,0,0,"{""rule_based_agent_0"": 0, ""rule_based_agent_1"": 3, ""rule_based_agent_2"": 3}",3,0,0,1,0
27179,179,4,our_agent,2,2,0,0,165,0,9,1,2,"{""rule_based_agent_0"": 2, ""rule_based_agent_1"": 9, ""rule_based_agent_2"": 1}",9,-7,0,0,1
27180,180,4,our_agent,9,4,1,0,273,0,9,1,3,"{""rule_based_agent_0"": 1, ""rule_based_agent_1"": 2, ""rule_based_agent_2"": 2}",2,7,1,0,0
27181,181,4,our_agent,3,3,0,0,400,0,9,0,2,"{""rule_based_agent_0"": 2, ""rule_based_agent_1"": 4, ""rule_based_agent_2"": 0}",4,-1,0,0,1
27182,182,4,our_agent,1,1,0,0,400,0,9,1,1,"{""rule_based_agent_0"": 2, ""rule_based_agent_1"": 7, ""rule_based_agent_2"": 4}",7,-6,0,0,1
27183,183,4,our_agent,3,3,0,1,116,1,9,1,2,"{""rule_based_agent_0"": 7, ""rule_based_agent_1"": 2, ""rule_based_agent_2"": 2}",7,-4,0,0,1
27184,184,4,our_agent,5,5,0,0,400,1,9,1,1,"{""rule_based_agent_0"": 6, ""rule_based_agent_1"": 3, ""rule_based_agent_2"": 0}",6,-1,0,0,1
27185,185,4,our_agent,5,5,0,0,400,0,9,1,1,"{""rule_based_agent_0"": 1, ""rule_based_agent_1"": 8, ""rule_based_agent_2"": 0}",8,-3,0,0,1
27186,186,4,our_agent,9,4,1,0,400,0,9,1,0,"{""rule_based_agent_0"": 1, ""rule_based_agent_1"": 0, ""rule_based_agent_2"": 4}",4,5,1,0,0
27187,187,4,our_agent,1,1,0,0,50,0,8,1,1,"{""rule_based_agent_0"": 10, ""rule_based_agent_1"": 2, ""rule_based_agent_2"": 0}",10,-9,0,0,1
27188,188,4,our_agent,2,2,0,0,400,1,9,0,1,"{""rule_based_agent_0"": 2, ""rule_based_agent_1"": 1, ""rule_based_agent_2"": 4}",4,-2,0,0,1
27189,189,4,our_agent,3,3,0,0,400,1,9,0,1,"{""rule_based_agent_0"": 0, ""rule_based_agent_1"": 5, ""rule_based_agent_2"": 1}",5,-2,0,0,1
27190,190,4,our_agent,0,0,0,0,111,0,7,2,1,"{""rule_based_agent_0"": 7, ""rule_based_agent_1"": 3, ""rule_based_agent_2"": 7}",7,-7,0,0,1
27191,191,4,our_agent,2,2,0,0,400,0,8,1,1,"{""rule_based_agent_0"": 7, ""rule_based_agent_1"": 1, ""rule_based_agent_2"": 3}",7,-5,0,0,1
27192,192,4,our_agent,3,3,0,0,400,0,9,0,2,"{""rule_based_agent_0"": 2, ""rule_based_agent_1"": 0, ""rule_based_agent_2"": 4}",4,-1,0,0,1
27193,193,4,our_agent,0,0,0,0,400,1,9,0,2,"{""rule_based_agent_0"": 5, ""rule_based_agent_1"": 1, ""rule_based_agent_2"": 3}",5,-5,0,0,1
27194,194,4,our_agent,5,5,0,0,400,1,9,0,2,"{""rule_based_agent_0"": 1, ""rule_based_agent_1"": 2, ""rule_based_agent_2"": 1}",2,3,1,0,0
27195,195,4,our_agent,3,3,0,0,400,0,9,1,1,"{""rule_based_agent_0"": 1, ""rule_based_agent_1"": 6, ""rule_based_agent_2"": 4}",6,-3,0,0,1
27196,196,4,our_agent,4,4,0,0,400,0,9,0,1,"{""rule_based_agent_0"": 0, ""rule_based_agent_1"": 0, ""rule_based_agent_2"": 5}",5,-1,0,0,1
27197,197,4,our_agent,5,0,1,0,400,0,8,1,2,"{""rule_based_agent_0"": 2, ""rule_based_agent_1"": 1, ""rule_based_agent_2"": 5}",5,0,0,1,0
27198,198,4,our_agent,1,1,0,0,93,0,9,2,1,"{""rule_based_agent_0"": 8, ""rule_based_agent_1"": 3, ""rule_based_agent_2"": 7}",8,-7,0,0,1
27199,199,4,our_agent,2,2,0,1,129,1,9,0,2,"{""rule_based_agent_0"": 2, ""rule_based_agent_1"": 3, ""rule_based_agent_2"": 2}",3,-1,0,0,1
27200,200,4,our_agent,2,2,0,0,400,0,9,1,1,"{""rule_based_agent_0"": 2, ""rule_based_agent_1"": 7, ""rule_based_agent_2"": 3}",7,-5,0,0,1
27201,201,4,our_agent,3,3,0,0,400,0,9,0,2,"{""rule_based_agent_0"": 0, ""rule_based_agent_1"": 4, ""rule_based_agent_2"": 2}",4,-1,0,0,1
27202,202,4,our_agent,2,2,0,0,400,0,9,0,1,"{""rule_based_agent_0"": 2, ""rule_based_agent_1"": 2, ""rule_based_agent_2"": 3}",3,-1,0,0,1
27203,203,4,our_agent,4,4,0,0,400,1,9,0,1,"{""rule_based_agent_0"": 2, ""rule_based_agent_1"": 2, ""rule_based_agent_2"": 1}",2,2,1,0,0
27204,204,4,our_agent,2,2,0,0,400,0,9,0,1,"{""rule_based_agent_0"": 1, ""rule_based_agent_1"": 4, ""rule_based_agent_2"": 2}",4,-2,0,0,1
27205,205,4,our_agent,4,4,0,0,400,0,9,0,1,"{""rule_based_agent_0"": 2, ""rule_based_agent_1"": 2, ""rule_based_agent_2"": 1}",2,2,1,0,0
27206,206,4,our_agent,4,4,0,1,214,1,9,0,3,"{""rule_based_agent_0"": 1, ""rule_based_agent_1"": 2, ""rule_based_agent_2"": 2}",2,2,1,0,0
27207,207,4,our_agent,2,2,0,0,400,1,9,2,2,"{""rule_based_agent_0"": 1, ""rule_based_agent_1"": 9, ""rule_based_agent_2"": 7}",9,-7,0,0,1
27208,208,4,our_agent,1,1,0,0,56,0,9,1,2,"{""rule_based_agent_0"": 0, ""rule_based_agent_1"": 5, ""rule_based_agent_2"": 8}",8,-7,0,0,1
27209,209,4,our_agent,3,3,0,0,276,0,9,1,3,"{""rule_based_agent_0"": 0, ""rule_based_agent_1"": 4, ""rule_based_agent_2"": 7}",7,-4,0,0,1
27210,210,4,our_agent,1,1,0,0,102,0,9,2,2,"{""rule_based_agent_0"": 9, ""rule_based_agent_1"": 1, ""rule_based_agent_2"": 8}",9,-8,0,0,1
27211,211,4,our_agent,3,3,0,0,400,0,9,0,1,"{""rule_based_agent_0"": 2, ""rule_based_agent_1"": 2, ""rule_based_agent_2"": 2}",2,1,1,0,0
27212,212,4,our_agent,2,2,0,0,400,0,9,0,2,"{""rule_based_agent_0"": 2, ""rule_based_agent_1"": 3, ""rule_based_agent_2"": 2}",3,-1,0,0,1
27213,213,4,our_agent,2,2,0,1,177,1,9,1,3,"{""rule_based_agent_0"": 1, ""rule_based_agent_1"": 8, ""rule_based_agent_2"": 3}",8,-6,0,0,1
27214,214,4,our_agent,3,3,0,0,400,0,9,1,1,"{""rule_based_agent_0"": 7, ""rule_based_agent_1"": 1, ""rule_based_agent_2"": 3}",7,-4,0,0,1
27215,215,4,our_agent,2,2,0,0,400,0,9,0,1,"{""rule_based_agent_0"": 2, ""rule_based_agent_1"": 3, ""rule_based_agent_2"": 2}",3,-1,0,0,1
27216,216,4,our_agent,3,3,0,0,400,0,9,1,2,"{""rule_based_agent_0"": 5, ""rule_based_agent_1"": 2, ""rule_based_agent_2"": 4}",5,-2,0,0,1
27217,217,4,our_agent,5,0,1,0,400,2,9,1,1,"{""rule_based_agent_0"": 2, ""rule_based_agent_1"": 4, ""rule_based_agent_2"": 3}",4,1,1,0,0
27218,218,4,our_agent,3,3,0,0,400,0,9,0,1,"{""rule_based_agent_0"": 2, ""rule_based_agent_1"": 2, ""rule_based_agent_2"": 2}",2,1,1,0,0
27219,219,4,our_agent,2,2,0,1,116,1,9,0,3,"{""rule_based_agent_0"": 3, ""rule_based_agent_1"": 3, ""rule_based_agent_2"": 1}",3,-1,0,0,1
27220,220,4,our_agent,3,3,0,0,190,0,9,1,2,"{""rule_based_agent_0"": 2, ""rule_based_agent_1"": 7, ""rule_based_agent_2"": 2}",7,-4,0,0,1
27221,221,4,our_agent,2,2,0,0,400,2,9,0,1,"{""rule_based_agent_0"": 1, ""rule_based_agent_1"": 1, ""rule_based_agent_2"": 5}",5,-3,0,0,1
27222,222,4,our_agent,2,2,0,0,400,0,9,0,1,"{""rule_based_agent_0"": 2, ""rule_based_agent_1"": 2, ""rule_based_agent_2"": 3}",3,-1,0,0,1
27223,223,4,our_agent,1,1,0,0,179,0,9,2,2,"{""rule_based_agent_0"": 9, ""rule_based_agent_1"": 8, ""rule_based_agent_2"": 1}",9,-8,0,0,1
27224,224,4,our_agent,1,1,0,0,71,0,9,1,2,"{""rule_based_agent_0"": 2, ""rule_based_agent_1"": 1, ""rule_based_agent_2"": 10}",10,-9,0,0,1
27225,225,4,our_agent,0,0,0,0,400,1,9,1,2,"{""rule_based_agent_0"": 3, ""rule_based_agent_1"": 3, ""rule_based_agent_2"": 8}",8,-8,0,0,1
27226,226,4,our_agent,3,3,0,0,400,0,9,0,1,"{""rule_based_agent_0"": 1, ""rule_based_agent_1"": 4, ""rule_based_agent_2"": 1}",4,-1,0,0,1
27227,227,4,our_agent,3,3,0,0,156,1,9,1,2,"{""rule_based_agent_0"": 0, ""rule_based_agent_1"": 8, ""rule_based_agent_2"": 3}",8,-5,0,0,1
27228,228,4,our_agent,3,3,0,0,400,0,9,1,1,"{""rule_based_agent_0"": 7, ""rule_based_agent_1"": 3, ""rule_based_agent_2"": 1}",7,-4,0,0,1
27229,229,4,our_agent,4,4,0,0,400,0,9,0,1,"{""rule_based_agent_0"": 1, ""rule_based_agent_1"": 2, ""rule_based_agent_2"": 2}",2,2,1,0,0
27230,230,4,our_agent,2,2,0,0,101,0,9,2,1,"{""rule_based_agent_0"": 1, ""rule_based_agent_1"": 2, ""rule_based_agent_2"": 14}",14,-12,0,0,1
27231,231,4,our_agent,2,2,0,0,400,0,9,1,1,"{""rule_based_agent_0"": 3, ""rule_based_agent_1"": 4, ""rule_based_agent_2"": 5}",5,-3,0,0,1
27232,232,4,our_agent,1,1,0,1,61,1,9,0,2,"{""rule_based_agent_0"": 1, ""rule_based_agent_1"": 3, ""rule_based_agent_2"": 4}",4,-3,0,0,1
27233,233,4,our_agent,1,1,0,0,400,0,9,1,0,"{""rule_based_agent_0"": 3, ""rule_based_agent_1"": 9, ""rule_based_agent_2"": 1}",9,-8,0,0,1
27234,234,4,our_agent,4,4,0,0,400,0,9,0,2,"{""rule_based_agent_0"": 1, ""rule_based_agent_1"": 3, ""rule_based_agent_2"": 1}",3,1,1,0,0
27235,235,4,our_agent,1,1,0,0,400,0,9,0,1,"{""rule_based_agent_0"": 3, ""rule_based_agent_1"": 2, ""rule_based_agent_2"": 3}",3,-2,0,0,1
27236,236,4,our_agent,2,2,0,0,400,1,9,0,1,"{""rule_based_agent_0"": 4, ""rule_based_agent_1"": 1, ""rule_based_agent_2"": 2}",4,-2,0,0,1
27237,237,4,our_agent,10,5,1,0,140,1,9,2,1,"{""rule_based_agent_0"": 0, ""rule_based_agent_1"": 2, ""rule_based_agent_2"": 7}",7,3,1,0,0
27238,238,4,our_agent,1,1,0,1,102,0,9,1,2,"{""rule_based_agent_0"": 2, ""rule_based_agent_1"": 3, ""rule_based_agent_2"": 8}",8,-7,0,0,1
27239,239,4,our_agent,4,4,0,0,400,0,9,0,2,"{""rule_based_agent_0"": 2, ""rule_based_agent_1"": 0, ""rule_based_agent_2"": 3}",3,1,1,0,0
27240,240,4,our_agent,3,3,0,0,65,0,9,2,2,"{""rule_based_agent_0"": 6, ""rule_based_agent_1"": 4, ""rule_based_agent_2"": 6}",6,-3,0,0,1
27241,241,4,our_agent,6,1,1,0,400,2,9,1,1,"{""rule_based_agent_0"": 3, ""rule_based_agent_1"": 2, ""rule_based_agent_2"": 3}",3,3,1,0,0
27242,242,4,our_agent,7,2,1,0,400,0,9,1,0,"{""rule_based_agent_0"": 4, ""rule_based_agent_1"": 2, ""rule_based_agent_2"": 1}",4,3,1,0,0
27243,243,4,our_agent,3,3,0,0,400,0,9,0,1,"{""rule_based_agent_0"": 3, ""rule_based_agent_1"": 2, ""rule_based_agent_2"": 1}",3,0,0,1,0
27244,244,4,our_agent,2,2,0,0,400,0,9,1,1,"{""rule_based_agent_0"": 2, ""rule_based_agent_1"": 8, ""rule_based_agent_2"": 2}",8,-6,0,0,1
27245,245,4,our_agent,2,2,0,0,400,0,9,0,0,"{""rule_based_agent_0"": 2, ""rule_based_agent_1"": 2, ""rule_based_agent_2"": 3}",3,-1,0,0,1
27246,246,4,our_agent,0,0,0,0,117,1,9,1,1,"{""rule_based_agent_0"": 4, ""rule_based_agent_1"": 9, ""rule_based_agent_2"": 1}",9,-9,0,0,1
27247,247,4,our_agent,2,2,0,1,224,1,9,1,3,"{""rule_based_agent_0"": 4, ""rule_based_agent_1"": 8, ""rule_based_agent_2"": 0}",8,-6,0,0,1
27248,248,4,our_agent,2,2,0,0,400,0,9,1,1,"{""rule_based_agent_0"": 3, ""rule_based_agent_1"": 3, ""rule_based_agent_2"": 6}",6,-4,0,0,1
27249,249,4,our_agent,2,2,0,0,400,0,9,0,1,"{""rule_based_agent_0"": 4, ""rule_based_agent_1"": 1, ""rule_based_agent_2"": 2}",4,-2,0,0,1
27250,250,4,our_agent,3,3,0,0,400,0,9,0,1,"{""rule_based_agent_0"": 1, ""rule_based_agent_1"": 1, ""rule_based_agent_2"": 4}",4,-1,0,0,1
27251,251,4,our_agent,0,0,0,0,61,0,9,1,2,"{""rule_based_agent_0"": 2, ""rule_based_agent_1"": 9, ""rule_based_agent_2"": 3}",9,-9,0,0,1
27252,252,4,our_agent,2,2,0,0,400,0,9,2,1,"{""rule_based_agent_0"": 4, ""rule_based_agent_1"": 7, ""rule_based_agent_2"": 6}",7,-5,0,0,1
27253,253,4,our_agent,2,2,0,0,400,0,9,1,0,"{""rule_based_agent_0"": 4, ""rule_based_agent_1"": 5, ""rule_based_agent_2"": 3}",5,-3,0,0,1
27254,254,4,our_agent,1,1,0,0,203,1,9,3,1,"{""rule_based_agent_0"": 5, ""rule_based_agent_1"": 14, ""rule_based_agent_2"": 4}",14,-13,0,0,1
27255,255,4,our_agent,2,2,0,0,400,1,9,0,2,"{""rule_based_agent_0"": 4, ""rule_based_agent_1"": 2, ""rule_based_agent_2"": 1}",4,-2,0,0,1
27256,256,4,our_agent,1,1,0,1,98,1,9,0,2,"{""rule_based_agent_0"": 1, ""rule_based_agent_1"": 5, ""rule_based_agent_2"": 2}",5,-4,0,0,1
27257,257,4,our_agent,2,2,0,0,400,0,9,0,1,"{""rule_based_agent_0"": 1, ""rule_based_agent_1"": 4, ""rule_based_agent_2"": 2}",4,-2,0,0,1
27258,258,4,our_agent,3,3,0,0,400,0,9,0,2,"{""rule_based_agent_0"": 0, ""rule_based_agent_1"": 2, ""rule_based_agent_2"": 4}",4,-1,0,0,1
27259,259,4,our_agent,8,3,1,0,400,0,9,1,1,"{""rule_based_agent_0"": 3, ""rule_based_agent_1"": 1, ""rule_based_agent_2"": 2}",3,5,1,0,0
27260,260,4,our_agent,1,1,0,0,400,1,9,0,1,"{""rule_based_agent_0"": 3, ""rule_based_agent_1"": 1, ""rule_based_agent_2"": 4}",4,-3,0,0,1
27261,261,4,our_agent,2,2,0,0,400,0,9,1,2,"{""rule_based_agent_0"": 3, ""rule_based_agent_1"": 8, ""rule_based_agent_2"": 1}",8,-6,0,0,1
27262,262,4,our_agent,1,1,0,0,400,0,9,1,1,"{""rule_based_agent_0"": 9, ""rule_based_agent_1"": 1, ""rule_based_agent_2"": 3}",9,-8,0,0,1
27263,263,4,our_agent,1,1,0,0,400,1,9,0,1,"{""rule_based_agent_0"": 3, ""rule_based_agent_1"": 2, ""rule_based_agent_2"": 3}",3,-2,0,0,1
27264,264,4,our_agent,1,1,0,0,176,3,9,1,2,"{""rule_based_agent_0"": 9, ""rule_based_agent_1"": 4, ""rule_based_agent_2"": 0}",9,-8,0,0,1
27265,265,4,our_agent,2,2,0,0,400,0,9,0,1,"{""rule_based_agent_0"": 2, ""rule_based_agent_1"": 3, ""rule_based_agent_2"": 2}",3,-1,0,0,1
27266,266,4,our_agent,4,4,0,0,400,0,9,0,2,"{""rule_based_agent_0"": 2, ""rule_based_agent_1"": 1, ""rule_based_agent_2"": 2}",2,2,1,0,0
27267,267,4,our_agent,4,4,0,0,400,0,9,0,2,"{""rule_based_agent_0"": 1, ""rule_based_agent_1"": 2, ""rule_based_agent_2"": 2}",2,2,1,0,0
27268,268,4,our_agent,1,1,0,0,400,0,9,0,1,"{""rule_based_agent_0"": 3, ""rule_based_agent_1"": 4, ""rule_based_agent_2"": 1}",4,-3,0,0,1
27269,269,4,our_agent,2,2,0,0,400,0,9,0,2,"{""rule_based_agent_0"": 2, ""rule_based_agent_1"": 3, ""rule_based_agent_2"": 2}",3,-1,0,0,1
27270,270,4,our_agent,5,0,1,0,400,1,9,1,2,"{""rule_based_agent_0"": 2, ""rule_based_agent_1"": 3, ""rule_based_agent_2"": 4}",4,1,1,0,0
27271,271,4,our_agent,4,4,0,0,400,0,9,0,2,"{""rule_based_agent_0"": 2, ""rule_based_agent_1"": 2, ""rule_based_agent_2"": 1}",2,2,1,0,0
27272,272,4,our_agent,2,2,0,0,400,0,9,0,2,"{""rule_based_agent_0"": 1, ""rule_based_agent_1"": 5, ""rule_based_agent_2"": 1}",5,-3,0,0,1
27273,273,4,our_agent,4,4,0,0,400,0,9,0,2,"{""rule_based_agent_0"": 3, ""rule_based_agent_1"": 2, ""rule_based_agent_2"": 0}",3,1,1,0,0
27274,274,4,our_agent,2,2,0,0,400,1,8,0,2,"{""rule_based_agent_0"": 3, ""rule_based_agent_1"": 2, ""rule_based_agent_2"": 1}",3,-1,0,0,1
27275,275,4,our_agent,2,2,0,0,400,1,9,0,1,"{""rule_based_agent_0"": 3, ""rule_based_agent_1"": 2, ""rule_based_agent_2"": 2}",3,-1,0,0,1
27276,276,4,our_agent,0,0,0,0,400,3,8,0,2,"{""rule_based_agent_0"": 2, ""rule_based_agent_1"": 3, ""rule_based_agent_2"": 3}",3,-3,0,0,1
27277,277,4,our_agent,2,2,0,0,400,1,9,1,1,"{""rule_based_agent_0"": 3, ""rule_based_agent_1"": 8, ""rule_based_agent_2"": 1}",8,-6,0,0,1
27278,278,4,our_agent,2,2,0,0,400,0,9,0,1,"{""rule_based_agent_0"": 4, ""rule_based_agent_1"": 2, ""rule_based_agent_2"": 1}",4,-2,0,0,1
27279,279,4,our_agent,2,2,0,0,400,1,9,0,1,"{""rule_based_agent_0"": 2, ""rule_based_agent_1"": 2, ""rule_based_agent_2"": 3}",3,-1,0,0,1
27280,280,4,our_agent,3,3,0,0,400,0,9,0,1,"{""rule_based_agent_0"": 3, ""rule_based_agent_1"": 1, ""rule_based_agent_2"": 2}",3,0,0,1,0
27281,281,4,our_agent,13,3,2,0,400,0,9,2,0,"{""rule_based_agent_0"": 2, ""rule_based_agent_1"": 2, ""rule_based_agent_2"": 2}",2,11,1,0,0
27282,282,4,our_agent,3,3,0,0,400,0,9,1,2,"{""rule_based_agent_0"": 0, ""rule_based_agent_1"": 1, ""rule_based_agent_2"": 10}",10,-7,0,0,1
27283,283,4,our_agent,2,2,0,0,400,0,9,1,1,"{""rule_based_agent_0"": 4, ""rule_based_agent_1"": 1, ""rule_based_agent_2"": 7}",7,-5,0,0,1
27284,284,4,our_agent,6,6,0,0,400,0,9,0,1,"{""rule_based_agent_0"": 1, ""rule_based_agent_1"": 1, ""rule_based_agent_2"": 1}",1,5,1,0,0
27285,285,4,our_agent,7,2,1,1,147,1,9,1,2,"{""rule_based_agent_0"": 0, ""rule_based_agent_1"": 2, ""rule_based_agent_2"": 5}",5,2,1,0,0
27286,286,4,our_agent,3,3,0,0,400,1,9,0,2,"{""rule_based_agent_0"": 2, ""rule_based_agent_1"": 1, ""rule_based_agent_2"": 3}",3,0,0,1,0
27287,287,4,our_agent,5,0,1,0,400,0,8,1,2,"{""rule_based_agent_0"": 1, ""rule_based_agent_1"": 0, ""rule_based_agent_2"": 7}",7,-2,0,0,1
27288,288,4,our_agent,2,2,0,0,400,0,9,0,1,"{""rule_based_agent_0"": 1, ""rule_based_agent_1"": 2, ""rule_based_agent_2"": 4}",4,-2,0,0,1
27289,289,4,our_agent,2,2,0,0,101,0,9,2,2,"{""rule_based_agent_0"": 2, ""rule_based_agent_1"": 2, ""rule_based_agent_2"": 13}",13,-11,0,0,1
27290,290,4,our_agent,3,3,0,0,400,1,9,0,1,"{""rule_based_agent_0"": 3, ""rule_based_agent_1"": 2, ""rule_based_agent_2"": 1}",3,0,0,1,0
27291,291,4,our_agent,4,4,0,0,400,0,9,0,1,"{""rule_based_agent_0"": 2, ""rule_based_agent_1"": 1, ""rule_based_agent_2"": 2}",2,2,1,0,0
27292,292,4,our_agent,8,3,1,0,173,1,9,2,0,"{""rule_based_agent_0"": 2, ""rule_based_agent_1"": 2, ""rule_based_agent_2"": 7}",7,1,1,0,0
27293,293,4,our_agent,1,1,0,0,400,1,9,0,2,"{""rule_based_agent_0"": 2, ""rule_based_agent_1"": 4, ""rule_based_agent_2"": 2}",4,-3,0,0,1
27294,294,4,our_agent,3,3,0,0,400,0,9,0,2,"{""rule_based_agent_0"": 1, ""rule_based_agent_1"": 5, ""rule_based_agent_2"": 0}",5,-2,0,0,1
27295,295,4,our_agent,5,5,0,0,400,0,9,1,0,"{""rule_based_agent_0"": 1, ""rule_based_agent_1"": 3, ""rule_based_agent_2"": 5}",5,0,0,1,0
27296,296,4,our_agent,1,1,0,0,400,0,9,2,0,"{""rule_based_agent_0"": 2, ""rule_based_agent_1"": 9, ""rule_based_agent_2"": 7}",9,-8,0,0,1
27297,297,4,our_agent,0,0,0,0,400,0,9,1,0,"{""rule_based_agent_0"": 8, ""rule_based_agent_1"": 3, ""rule_based_agent_2"": 3}",8,-8,0,0,1
27298,298,4,our_agent,1,1,0,0,80,0,9,2,2,"{""rule_based_agent_0"": 7, ""rule_based_agent_1"": 3, ""rule_based_agent_2"": 8}",8,-7,0,0,1
27299,299,4,our_agent,2,2,0,0,400,0,9,1,2,"{""rule_based_agent_0"": 5, ""rule_based_agent_1"": 3, ""rule_based_agent_2"": 4}",5,-3,0,0,1
