episode,steps,reward,coins,invalid,self_kill,eps
1,13,-12.6,1,7,1,1.0
2,9,-12.8,1,4,1,1.0
3,5,-12.4,1,2,1,1.0
4,13,-13.8,0,5,1,0.99
5,6,-10.5,2,3,1,0.99
6,8,-12.0,1,5,1,0.99
7,9,-11.8,2,4,1,0.99
8,19,-14.3,1,11,1,0.99
9,6,-13.6,0,2,1,0.98
10,9,-13.8,0,4,1,0.98
11,15,-12.0,2,6,1,0.98
12,14,-12.7,1,4,1,0.98
13,13,-12.5,1,5,1,0.98
14,5,-12.3,1,3,1,0.97
15,10,-14.6,0,9,1,0.97
16,29,-15.9,0,12,1,0.97
17,10,-13.1,1,4,1,0.97
18,9,-12.4,1,4,1,0.97
19,15,-14.0,1,7,1,0.96
20,8,-13.5,0,4,1,0.96
21,11,-12.6,1,3,1,0.96
22,14,-13.5,1,6,1,0.96
23,16,-11.2,3,7,1,0.96
24,11,-13.1,1,6,1,0.95
25,44,-7.2,6,19,0,0.95
26,9,-12.9,0,4,1,0.95
27,7,-12.8,1,5,1,0.95
28,11,-12.9,1,5,1,0.95
29,10,-13.2,1,5,1,0.94
30,10,-13.1,0,6,1,0.94
31,5,-12.5,0,0,1,0.94
32,6,-12.5,1,2,1,0.94
33,7,-12.5,1,3,1,0.94
34,5,-12.0,1,2,1,0.93
35,5,-13.8,0,3,1,0.93
36,20,-14.0,1,8,1,0.93
37,5,-12.4,1,2,1,0.93
38,12,-13.1,1,4,1,0.93
39,10,-12.9,1,5,1,0.92
40,8,-12.2,1,3,1,0.92
41,17,-10.9,2,2,1,0.92
42,12,-13.2,1,5,1,0.92
43,10,-13.0,1,4,1,0.92
44,29,-15.5,0,8,1,0.91
45,7,-10.2,2,1,1,0.91
46,7,-11.9,1,2,1,0.91
47,33,-13.2,3,10,1,0.91
48,6,-12.3,1,2,1,0.91
49,16,-12.1,2,7,1,0.9
50,5,-13.3,0,2,1,0.9
51,22,-7.4,2,6,0,0.9
52,8,-12.5,1,2,1,0.9
53,10,-13.2,1,7,1,0.9
54,21,-8.4,3,6,1,0.9
55,5,-13.3,0,2,1,0.89
56,5,-11.9,1,2,1,0.89
57,8,-12.8,1,2,1,0.89
58,14,-12.2,2,5,1,0.89
59,8,-10.5,2,1,1,0.89
60,27,-13.2,2,12,1,0.88
61,6,-13.6,0,3,1,0.88
62,22,-7.5,2,9,0,0.88
63,10,-13.4,0,4,1,0.88
64,5,-13.0,0,3,1,0.88
65,21,-14.0,1,7,1,0.87
66,9,-11.4,1,3,1,0.87
67,19,-13.6,1,3,1,0.87
68,25,-15.1,0,9,1,0.87
69,18,-13.7,0,4,1,0.87
70,5,-13.5,0,2,1,0.86
71,14,-12.1,2,2,1,0.86
72,5,-13.5,0,3,1,0.86
73,27,-9.8,4,7,1,0.86
74,6,-13.0,0,3,1,0.86
75,25,-10.3,0,10,0,0.85
76,8,-12.0,1,3,1,0.85
77,7,-12.8,0,3,1,0.85
78,7,-13.1,0,2,1,0.85
79,17,-13.2,1,5,1,0.85
80,26,-10.9,2,8,1,0.84
81,21,-14.4,0,7,1,0.84
82,9,-12.5,1,2,1,0.84
83,5,-11.0,2,3,1,0.84
84,8,-11.0,0,2,1,0.84
85,13,-9.1,2,4,1,0.83
86,19,-11.4,3,1,1,0.83
87,14,-7.7,1,3,0,0.83
88,7,-13.2,0,3,1,0.83
89,13,-12.6,2,4,1,0.83
90,7,-12.7,1,4,1,0.82
91,10,-13.7,0,3,1,0.82
92,7,-12.1,1,4,1,0.82
93,9,-12.5,1,4,1,0.82
94,5,-11.8,1,2,1,0.82
95,12,-13.6,0,3,1,0.81
96,31,-11.3,0,14,0,0.81
97,17,-13.9,0,6,1,0.81
98,16,-10.7,2,1,1,0.81
99,7,-13.2,0,4,1,0.81
100,19,-14.6,0,9,1,0.8
101,21,-8.2,1,9,0,0.8
102,6,-12.7,1,5,1,0.8
103,7,-13.1,0,3,1,0.8
104,10,-13.0,1,3,1,0.8
105,12,-9.3,2,5,1,0.79
106,5,-13.2,0,1,1,0.79
107,9,-13.0,1,6,1,0.79
108,10,-10.9,0,1,1,0.79
109,16,-13.5,1,8,1,0.79
110,36,-11.6,5,12,1,0.78
111,55,-13.9,4,17,1,0.78
112,12,-9.1,2,3,1,0.78
113,22,-11.8,3,8,1,0.78
114,9,-13.8,0,4,1,0.78
115,38,-8.0,5,6,1,0.77
116,7,-13.2,0,3,1,0.77
117,12,-13.7,0,4,1,0.77
118,14,-13.0,1,5,1,0.77
119,9,-11.6,2,4,1,0.77
120,11,-13.9,0,6,1,0.76
121,9,-13.1,0,3,1,0.76
122,5,-13.2,0,1,1,0.76
123,16,-13.3,1,4,1,0.76
124,59,-7.4,3,19,0,0.76
125,6,-11.8,1,1,1,0.75
126,25,-10.2,4,6,1,0.75
127,18,-11.3,2,2,1,0.75
128,9,-12.7,1,4,1,0.75
129,38,-13.2,3,12,1,0.75
130,7,-12.7,0,3,1,0.74
131,9,-13.9,0,3,1,0.74
132,11,-11.5,2,4,1,0.74
133,10,-12.9,0,2,1,0.74
134,6,-12.8,1,3,1,0.74
135,20,-11.1,3,5,1,0.73
136,11,-9.9,3,1,1,0.73
137,7,-12.6,1,2,1,0.73
138,48,-14.0,4,14,1,0.73
139,25,-9.4,5,6,1,0.73
140,8,-9.4,1,2,1,0.72
141,12,-12.5,1,6,1,0.72
142,10,-11.3,2,4,1,0.72
143,28,-12.6,0,8,1,0.72
144,56,-17.3,2,19,1,0.72
145,18,-12.9,1,2,1,0.71
146,8,-10.9,2,0,1,0.71
147,22,-12.0,2,6,1,0.71
148,11,-11.4,1,3,1,0.71
149,8,-12.3,0,2,1,0.71
150,38,-6.6,5,9,0,0.7
151,5,-11.9,1,2,1,0.7
152,8,-12.6,1,3,1,0.7
153,13,-12.2,1,2,1,0.7
154,14,-13.7,1,7,1,0.7
155,9,-13.2,0,4,1,0.7
156,11,-10.1,3,3,1,0.69
157,14,-10.3,3,2,1,0.69
158,7,-13.0,0,4,1,0.69
159,22,-9.2,5,5,1,0.69
160,7,-10.6,0,2,1,0.69
161,12,-9.6,3,3,1,0.68
162,9,-13.2,0,4,1,0.68
163,45,-8.7,2,10,0,0.68
164,5,-13.4,0,3,1,0.68
165,13,-9.9,1,6,1,0.68
166,6,-13.7,0,3,1,0.67
167,25,-10.6,4,7,1,0.67
168,5,-12.0,1,2,1,0.67
169,32,-11.4,3,14,1,0.67
170,39,-9.7,5,9,1,0.67
171,41,-10.2,5,14,1,0.66
172,42,-8.3,1,15,0,0.66
173,29,-6.9,2,4,0,0.66
174,52,-14.7,3,18,1,0.66
175,28,-14.2,1,10,1,0.66
176,10,-12.3,1,4,1,0.65
177,26,-3.2,3,8,0,0.65
178,7,-11.2,1,1,1,0.65
179,13,-9.5,4,3,1,0.65
180,5,-13.3,0,1,1,0.65
181,38,-10.4,5,11,1,0.64
182,29,-7.4,2,11,0,0.64
183,7,-12.1,1,1,1,0.64
184,12,-12.7,0,4,1,0.64
185,13,-5.6,4,0,1,0.64
186,5,-12.4,1,2,1,0.63
187,20,-8.4,3,3,1,0.63
188,70,-15.4,5,25,1,0.63
189,32,-12.7,2,8,1,0.63
190,45,-6.9,4,11,0,0.63
191,24,-10.0,5,9,1,0.62
192,68,-16.1,3,18,1,0.62
193,8,-10.7,0,3,1,0.62
194,15,-8.8,2,3,1,0.62
195,52,-12.3,3,20,1,0.62
196,17,-11.6,2,6,1,0.61
197,26,-13.0,1,8,1,0.61
198,26,-2.2,4,6,0,0.61
199,37,-6.2,4,11,0,0.61
200,66,-11.1,3,25,0,0.61
201,20,-12.0,2,9,1,0.6
202,23,-11.8,2,7,1,0.6
203,8,-12.9,0,4,1,0.6
204,5,-12.6,0,3,1,0.6
205,5,-11.3,1,1,1,0.6
206,15,-8.7,4,4,1,0.59
207,9,-9.9,3,4,1,0.59
208,39,-3.6,5,14,0,0.59
209,46,-11.8,5,10,1,0.59
210,9,-10.9,2,1,1,0.59
211,11,-12.6,1,5,1,0.58
212,17,-12.6,1,3,1,0.58
213,15,-9.5,4,7,1,0.58
214,7,-12.0,1,3,1,0.58
215,6,-10.1,2,1,1,0.58
216,17,-6.4,5,1,1,0.57
217,9,-9.3,1,1,1,0.57
218,21,-7.4,1,8,0,0.57
219,15,-12.8,1,6,1,0.57
220,39,-11.6,4,11,1,0.57
221,5,-12.7,0,1,1,0.56
222,11,-12.9,1,4,1,0.56
223,8,-12.5,0,3,1,0.56
224,31,-12.8,3,13,1,0.56
225,33,-11.2,2,13,1,0.56
226,34,-13.3,3,9,1,0.55
227,36,-6.0,4,12,0,0.55
228,15,-11.0,3,5,1,0.55
229,29,-13.4,2,13,1,0.55
230,21,-12.6,2,5,1,0.55
231,39,-13.2,2,9,1,0.54
232,41,-8.6,7,13,1,0.54
233,20,-9.5,4,6,1,0.54
234,50,-10.3,2,20,0,0.54
235,5,-11.8,1,2,1,0.54
236,31,-4.7,5,7,0,0.53
237,93,-20.0,1,34,1,0.53
238,33,-0.9,6,8,0,0.53
239,45,-15.0,2,16,1,0.53
240,12,-12.2,1,7,1,0.53
241,19,-14.0,1,11,1,0.52
242,21,-11.5,3,7,1,0.52
243,5,-10.9,1,1,1,0.52
244,21,-10.8,3,4,1,0.52
245,68,-14.9,4,22,1,0.52
246,82,-9.9,6,30,0,0.51
247,29,-6.8,5,10,1,0.51
248,51,-13.7,4,21,1,0.51
249,27,-9.5,3,11,1,0.51
250,28,-2.4,4,8,0,0.51
251,19,-12.6,2,5,1,0.51
252,63,-11.3,5,18,1,0.5
253,49,-9.7,1,19,0,0.5
254,11,-6.8,3,2,1,0.5
255,9,-11.2,1,1,1,0.5
256,7,-12.7,0,2,1,0.5
257,28,-9.8,5,9,1,0.49
258,33,-3.0,7,10,0,0.49
259,20,-12.9,1,9,1,0.49
260,25,-5.2,7,4,1,0.49
261,26,-13.7,0,8,1,0.49
262,45,-6.4,6,8,1,0.48
263,62,-8.2,3,23,0,0.48
264,9,-11.2,2,3,1,0.48
265,26,-8.6,3,7,1,0.48
266,33,-11.9,3,12,1,0.48
267,9,-11.7,1,4,1,0.47
268,34,-2.2,4,4,0,0.47
269,34,-12.4,3,12,1,0.47
270,87,-16.9,2,39,1,0.47
271,7,-9.5,0,0,1,0.47
272,61,-4.9,8,22,0,0.46
273,9,-9.3,1,4,1,0.46
274,5,-11.2,1,1,1,0.46
275,5,-11.8,1,2,1,0.46
276,16,-9.6,3,2,1,0.46
277,36,-0.2,9,6,0,0.45
278,22,-9.7,1,4,1,0.45
279,8,-11.3,1,1,1,0.45
280,26,-12.7,2,8,1,0.45
281,28,-2.9,6,10,0,0.45
282,42,-12.9,2,6,1,0.44
283,29,-5.3,5,13,0,0.44
284,24,-9.5,5,6,1,0.44
285,65,-7.8,9,17,1,0.44
286,29,-15.5,0,8,1,0.44
287,14,-8.4,3,7,1,0.43
288,69,-7.4,11,18,1,0.43
289,27,-12.8,1,12,1,0.43
290,24,-6.6,5,6,1,0.43
291,55,-8.4,6,17,1,0.43
292,21,-6.3,4,5,1,0.42
293,27,-3.0,4,8,0,0.42
294,42,-3.8,5,12,0,0.42
295,63,-13.3,0,26,0,0.42
296,38,-8.5,7,10,1,0.42
297,110,-10.9,7,38,1,0.41
298,21,-5.0,8,4,1,0.41
299,89,-8.0,9,30,1,0.41
300,125,-10.9,7,37,1,0.41
301,38,-6.6,7,10,1,0.41
302,34,-2.4,6,6,0,0.4
303,32,-5.1,4,4,0,0.4
304,19,-9.6,4,3,1,0.4
305,51,0.4,11,8,0,0.4
306,122,-11.1,10,44,1,0.4
307,70,-3.9,6,19,0,0.39
308,13,-11.2,2,5,1,0.39
309,70,-3.8,4,17,0,0.39
310,20,0.7,7,5,0,0.39
311,9,-10.3,2,0,1,0.39
312,8,-11.0,2,4,1,0.38
313,14,-8.0,5,2,1,0.38
314,18,-8.3,5,4,1,0.38
315,5,-12.0,1,3,1,0.38
316,7,-8.3,2,0,1,0.38
317,24,-2.3,11,3,1,0.37
318,13,-8.6,4,2,1,0.37
319,30,-0.9,6,8,0,0.37
320,18,-9.2,4,4,1,0.37
321,93,-0.5,10,17,0,0.37
322,6,-11.8,1,3,1,0.36
323,34,-7.0,7,6,1,0.36
324,43,-2.8,9,16,0,0.36
325,38,-0.4,7,8,0,0.36
326,118,-11.3,8,20,1,0.36
327,25,-3.6,5,2,0,0.35
328,32,-8.5,6,7,1,0.35
329,20,2.1,8,5,0,0.35
330,177,-11.6,5,31,1,0.35
331,8,-11.5,2,4,1,0.35
332,57,0.1,11,12,0,0.34
333,68,-0.6,10,14,0,0.34
334,30,1.7,7,1,0,0.34
335,68,-9.3,7,15,1,0.34
336,30,-11.5,2,4,1,0.34
337,61,-10.2,4,9,1,0.33
338,77,-9.3,6,12,1,0.33
339,40,-2.2,5,7,0,0.33
340,35,-1.4,9,3,1,0.33
341,10,-12.2,1,2,1,0.33
342,32,-6.7,6,4,1,0.32
343,57,-3.0,9,10,0,0.32
344,10,-8.0,2,0,1,0.32
345,42,-2.6,8,10,0,0.32
346,63,-3.6,7,10,0,0.32
347,138,-5.7,11,34,1,0.31
348,12,-10.2,3,3,1,0.31
349,15,-8.5,2,1,1,0.31
350,40,4.4,11,4,0,0.31
351,60,-8.8,7,8,1,0.31
352,50,-2.3,5,10,0,0.31
353,38,0.8,7,4,0,0.3
354,7,-8.3,2,2,1,0.3
355,23,-0.2,5,1,0,0.3
356,16,-9.3,3,2,1,0.3
357,28,1.0,9,3,0,0.3
358,180,-6.5,13,44,1,0.29
359,30,-1.8,7,3,0,0.29
360,20,-10.2,0,1,1,0.29
361,8,-7.7,2,1,1,0.29
362,5,-11.1,1,1,1,0.29
363,61,-5.4,11,11,1,0.28
364,26,0.0,9,6,0,0.28
365,40,2.7,10,6,0,0.28
366,45,-4.7,9,8,1,0.28
367,51,-0.9,7,10,0,0.28
368,39,-4.5,3,6,0,0.27
369,19,1.0,6,0,0,0.27
370,137,-9.0,11,33,1,0.27
371,47,-1.2,7,16,0,0.27
372,111,0.0,10,12,0,0.27
373,63,3.8,11,7,0,0.26
374,44,2.4,9,5,0,0.26
375,42,-0.3,9,9,0,0.26
376,40,-3.7,4,15,0,0.26
377,65,-1.9,7,16,0,0.26
378,199,-8.1,12,43,1,0.25
379,27,-12.8,1,7,1,0.25
380,38,3.6,10,3,0,0.25
381,54,-0.8,7,10,0,0.25
382,5,-11.0,1,1,1,0.25
383,27,0.1,8,3,0,0.24
384,95,-5.2,12,16,1,0.24
385,44,-3.1,7,8,0,0.24
386,55,-0.8,7,7,0,0.24
387,16,-3.4,7,1,1,0.24
388,215,-6.0,9,41,0,0.23
389,45,-3.5,9,9,1,0.23
390,57,3.1,18,6,1,0.23
391,179,-12.6,10,51,1,0.23
392,15,-11.9,1,3,1,0.23
393,35,1.7,8,4,0,0.22
394,26,-5.3,8,2,1,0.22
395,17,-5.9,6,2,1,0.22
396,400,-4.5,14,67,0,0.22
397,34,0.7,6,1,0,0.22
398,57,-8.1,5,13,1,0.21
399,28,6.5,12,1,0,0.21
400,101,-14.2,3,11,1,0.21
401,34,-4.2,9,5,1,0.21
402,72,-9.0,7,8,1,0.21
403,35,3.2,9,1,0,0.2
404,75,-6.3,5,13,0,0.2
405,32,-3.1,8,2,1,0.2
406,32,-2.6,4,4,0,0.2
407,28,0.4,7,2,0,0.2
408,167,-10.2,9,26,1,0.19
409,26,-8.7,5,5,1,0.19
410,48,6.8,13,3,0,0.19
411,39,6.0,12,4,0,0.19
412,18,-2.2,3,1,0,0.19
413,21,1.6,7,1,0,0.18
414,56,-0.7,14,10,1,0.18
415,28,-7.7,6,4,1,0.18
416,22,-0.1,5,1,0,0.18
417,43,3.7,10,4,0,0.18
418,294,-17.1,9,80,1,0.17
419,124,-4.1,12,13,1,0.17
420,35,3.2,9,2,0,0.17
421,36,3.7,9,1,0,0.17
422,32,5.4,10,1,0,0.17
423,400,-13.6,11,118,0,0.16
424,42,6.4,12,2,0,0.16
425,40,-2.1,8,10,0,0.16
426,115,-2.9,15,29,1,0.16
427,16,-1.6,4,4,0,0.16
428,27,1.1,6,1,0,0.15
429,42,2.6,9,4,0,0.15
430,59,5.4,13,5,0,0.15
431,88,-5.9,9,17,1,0.15
432,27,1.4,7,2,0,0.15
433,39,1.2,12,2,1,0.14
434,400,-1.6,10,82,0,0.14
435,20,-0.5,9,0,1,0.14
436,46,3.0,10,3,0,0.14
437,101,0.7,10,24,0,0.14
438,35,1.2,7,1,0,0.13
439,24,-1.1,9,0,1,0.13
440,66,2.6,11,9,0,0.13
441,39,8.2,14,0,0,0.13
442,46,2.2,8,3,0,0.13
443,34,5.6,11,3,0,0.12
444,400,-11.7,11,126,0,0.12
445,23,0.5,6,3,0,0.12
446,128,-3.9,10,37,1,0.12
447,400,-10.1,7,70,0,0.12
448,48,-1.4,9,9,0,0.11
449,129,-2.1,13,26,0,0.11
450,68,-0.9,8,5,0,0.11
451,68,-7.3,9,13,1,0.11
452,117,-7.5,9,29,1,0.11
453,47,3.0,10,6,0,0.11
454,46,5.8,12,2,0,0.1
455,42,8.1,14,1,0,0.1
456,45,5.2,12,4,0,0.1
457,31,2.0,8,0,0,0.1
458,37,1.0,10,3,0,0.1
459,8,-9.3,1,1,1,0.09
460,23,2.4,8,1,0,0.09
461,124,5.5,12,11,0,0.09
462,21,-0.7,8,6,0,0.09
463,50,12.2,19,1,0,0.09
464,52,0.3,11,8,0,0.08
465,19,5.8,11,1,0,0.08
466,22,1.8,7,2,0,0.08
467,77,4.3,12,4,0,0.08
468,72,2.1,11,17,0,0.08
469,400,-4.6,7,39,0,0.07
470,400,-4.8,10,83,0,0.07
471,53,-8.8,7,5,1,0.07
472,89,7.1,16,11,0,0.07
473,28,3.2,8,1,0,0.07
474,40,16.3,22,0,0,0.06
475,54,7.0,14,4,0,0.06
476,25,0.2,8,2,0,0.06
477,27,-1.9,7,7,0,0.06
478,39,2.1,8,3,0,0.06
479,219,0.5,14,39,0,0.05
480,41,1.2,7,3,0,0.05
481,73,2.3,10,6,0,0.05
482,153,1.7,11,1,0,0.05
483,400,8.0,21,8,0,0.05
484,33,8.7,14,1,0,0.04
485,53,7.9,13,1,0,0.04
486,36,0.3,6,5,0,0.04
487,38,5.3,11,4,0,0.04
488,38,4.5,11,5,0,0.04
489,75,9.9,18,2,0,0.03
490,18,-6.1,2,3,0,0.03
491,51,10.5,17,3,0,0.03
492,400,5.2,16,29,0,0.03
493,124,10.7,20,18,0,0.03
494,22,6.1,11,1,0,0.02
495,19,3.0,8,1,0,0.02
496,104,8.2,17,1,0,0.02
497,38,7.6,13,2,0,0.02
498,66,2.5,11,10,0,0.02
499,25,3.9,9,1,0,0.01
500,19,2.1,7,1,0,0.01
501,400,2.9,12,5,0,0.01
502,53,2.0,10,9,0,0.01
503,140,5.2,14,26,0,0.01
504,47,2.7,10,2,0,0.01
505,62,10.8,18,0,0,0.01
506,29,5.1,11,3,0,0.01
507,71,6.4,13,2,0,0.01
508,88,-3.2,7,15,0,0.01
509,97,4.3,14,12,0,0.01
510,26,2.5,8,0,0,0.01
511,57,11.7,18,0,0,0.01
512,16,2.3,7,0,0,0.01
513,20,0.0,5,2,0,0.01
514,400,0.2,16,66,0,0.01
515,32,6.4,12,2,0,0.01
516,34,1.8,7,2,0,0.01
517,400,2.8,17,15,0,0.01
518,34,9.9,15,0,0,0.01
519,23,4.9,10,1,0,0.01
520,82,-0.5,15,5,1,0.01
521,54,3.9,10,0,0,0.01
522,50,8.6,15,5,0,0.01
523,76,4.6,12,3,0,0.01
524,26,5.8,11,0,0,0.01
525,27,1.3,7,1,0,0.01
526,65,8.8,16,6,0,0.01
527,18,1.1,6,2,0,0.01
528,33,5.3,10,0,0,0.01
529,91,10.8,19,1,0,0.01
530,21,4.5,10,3,0,0.01
531,59,6.6,17,8,0,0.01
532,20,3.9,9,2,0,0.01
533,23,-4.9,4,2,0,0.01
534,174,3.7,15,18,0,0.01
535,400,-3.4,8,6,0,0.01
536,400,5.0,16,10,0,0.01
537,70,5.4,13,3,0,0.01
538,28,6.6,12,2,0,0.01
539,37,3.9,10,6,0,0.01
540,29,2.9,8,3,0,0.01
541,36,5.1,11,2,0,0.01
542,91,10.2,19,1,0,0.01
543,28,3.3,11,3,0,0.01
544,62,8.9,15,3,0,0.01
545,24,1.9,7,0,0,0.01
546,34,3.8,9,3,0,0.01
547,106,9.8,19,24,0,0.01
548,28,5.4,11,3,0,0.01
549,40,6.3,12,2,0,0.01
550,96,7.1,15,1,0,0.01
551,34,2.9,12,6,0,0.01
552,20,-0.2,5,2,0,0.01
553,58,4.7,12,6,0,0.01
554,20,-1.1,4,1,0,0.01
555,32,6.6,12,2,0,0.01
556,23,3.3,12,5,0,0.01
557,24,5.8,11,0,0,0.01
558,86,6.9,14,2,0,0.01
559,42,6.9,13,2,0,0.01
560,400,6.4,16,61,0,0.01
561,400,0.5,15,81,0,0.01
562,400,-1.7,12,68,0,0.01
563,33,6.5,12,1,0,0.01
564,40,6.7,12,0,0,0.01
565,19,3.8,9,1,0,0.01
566,72,8.7,17,11,0,0.01
567,21,3.1,8,1,0,0.01
568,41,8.1,14,1,0,0.01
569,60,7.4,17,7,0,0.01
570,34,-1.0,8,6,0,0.01
571,31,7.6,13,1,0,0.01
572,33,2.7,8,0,0,0.01
573,39,7.3,16,2,0,0.01
574,62,-0.8,6,1,0,0.01
575,31,4.1,10,0,0,0.01
576,400,6.0,20,83,0,0.01
577,400,3.4,13,13,0,0.01
578,28,2.8,8,2,0,0.01
579,23,2.3,7,1,0,0.01
580,63,7.3,14,0,0,0.01
581,27,1.1,10,6,0,0.01
582,35,9.7,16,3,0,0.01
583,15,-2.2,3,1,0,0.01
584,33,6.3,12,2,0,0.01
585,32,10.6,16,0,0,0.01
586,64,6.9,14,2,0,0.01
587,88,6.2,15,0,0,0.01
588,21,2.1,7,1,0,0.01
589,400,10.9,19,1,0,0.01
590,58,5.9,13,2,0,0.01
591,45,6.0,12,1,0,0.01
592,41,9.3,15,0,0,0.01
593,36,1.0,7,3,0,0.01
594,63,0.7,8,7,0,0.01
595,23,5.7,11,1,0,0.01
596,47,6.0,12,3,0,0.01
597,21,5.0,10,0,0,0.01
598,400,12.1,14,4,0,0.01
599,27,2.5,8,3,0,0.01
600,400,8.8,18,3,0,0.01
601,35,9.6,15,0,0,0.01
602,35,2.4,8,2,0,0.01
603,27,5.0,10,1,0,0.01
604,63,8.1,15,2,0,0.01
605,64,7.3,14,6,0,0.01
606,43,7.1,17,5,0,0.01
607,36,11.9,17,0,0,0.01
608,400,-1.0,11,54,0,0.01
609,93,9.5,18,9,0,0.01
610,28,6.1,11,0,0,0.01
611,52,-1.9,12,7,1,0.01
612,37,2.4,11,4,0,0.01
613,29,8.5,14,1,0,0.01
614,29,7.1,12,2,0,0.01
615,400,6.3,15,2,0,0.01
616,53,4.0,17,4,1,0.01
617,67,9.9,17,7,0,0.01
618,34,8.7,14,0,0,0.01
619,27,5.0,13,3,0,0.01
620,75,1.6,13,0,1,0.01
621,43,8.0,14,3,0,0.01
622,31,6.5,12,0,0,0.01
623,37,6.2,12,1,0,0.01
624,161,-6.8,9,8,1,0.01
625,29,4.0,9,1,0,0.01
626,33,13.0,18,1,0,0.01
627,42,6.6,12,0,0,0.01
628,61,1.9,12,11,0,0.01
629,56,2.6,12,4,0,0.01
630,122,6.7,18,12,0,0.01
631,42,8.2,14,2,0,0.01
632,28,7.8,13,2,0,0.01
633,101,5.9,15,7,0,0.01
634,64,2.0,10,6,0,0.01
635,22,-1.0,7,4,0,0.01
636,31,2.5,10,0,0,0.01
637,18,3.6,9,2,0,0.01
638,40,1.3,8,1,0,0.01
639,47,7.5,17,5,0,0.01
640,18,-1.0,4,2,0,0.01
641,43,2.0,8,3,0,0.01
642,113,1.8,12,6,0,0.01
643,400,-8.9,14,18,0,0.01
644,42,9.7,15,0,0,0.01
645,71,7.8,14,6,0,0.01
646,400,6.9,14,31,0,0.01
647,35,7.5,13,1,0,0.01
648,37,7.7,17,4,0,0.01
649,400,14.5,18,2,0,0.01
650,37,7.1,13,2,0,0.01
651,91,8.1,17,5,0,0.01
652,30,-4.2,8,1,1,0.01
653,400,15.9,20,4,0,0.01
654,34,6.7,12,2,0,0.01
655,40,10.5,16,0,0,0.01
656,25,6.0,11,0,0,0.01
657,37,4.2,10,1,0,0.01
658,37,6.3,12,1,0,0.01
659,58,3.9,11,2,0,0.01
660,36,4.4,10,3,0,0.01
661,41,11.1,16,1,0,0.01
662,32,7.9,13,0,0,0.01
663,101,-2.2,8,2,0,0.01
664,38,2.0,8,1,0,0.01
665,52,1.7,12,11,0,0.01
666,20,1.0,6,2,0,0.01
667,23,2.8,8,1,0,0.01
668,22,5.1,10,0,0,0.01
669,37,11.1,17,1,0,0.01
670,207,5.7,18,6,0,0.01
671,400,11.0,17,10,0,0.01
672,35,7.2,12,2,0,0.01
673,400,-4.5,19,7,0,0.01
674,43,7.9,14,2,0,0.01
675,18,-0.4,5,2,0,0.01
676,256,-9.6,14,4,1,0.01
677,55,10.8,21,6,0,0.01
678,120,8.2,17,1,0,0.01
679,30,7.1,12,0,0,0.01
680,20,2.0,7,1,0,0.01
681,400,22.9,25,1,0,0.01
682,38,10.8,16,0,0,0.01
683,34,6.2,11,0,0,0.01
684,85,7.6,16,13,0,0.01
685,25,0.6,9,5,0,0.01
686,400,6.8,14,0,0,0.01
687,26,6.2,11,0,0,0.01
688,35,5.9,11,1,0,0.01
689,41,9.8,15,1,0,0.01
690,59,1.9,9,2,0,0.01
691,26,6.1,11,0,0,0.01
692,400,12.5,16,5,0,0.01
693,26,2.5,8,2,0,0.01
694,400,10.0,13,0,0,0.01
695,113,5.2,15,8,0,0.01
696,17,1.0,6,1,0,0.01
697,202,-12.2,11,5,1,0.01
698,400,9.4,17,2,0,0.01
699,50,9.8,16,0,0,0.01
700,21,1.8,7,1,0,0.01
701,32,7.8,13,2,0,0.01
702,400,17.3,25,1,0,0.01
703,19,5.1,10,0,0,0.01
704,31,5.0,13,3,0,0.01
705,60,5.4,12,1,0,0.01
706,37,5.3,13,3,0,0.01
707,38,2.2,8,4,0,0.01
708,64,11.6,19,2,0,0.01
709,28,3.9,9,1,0,0.01
710,42,6.4,12,0,0,0.01
711,17,4.7,10,1,0,0.01
712,52,6.1,14,9,0,0.01
713,15,-0.1,5,1,0,0.01
714,33,5.9,12,3,0,0.01
715,32,5.3,11,0,0,0.01
716,52,8.1,15,0,0,0.01
717,18,8.2,13,0,0,0.01
718,44,2.1,12,7,0,0.01
719,84,8.1,18,3,0,0.01
720,84,8.2,16,3,0,0.01
721,79,2.8,11,0,0,0.01
722,400,2.2,12,32,0,0.01
723,37,10.8,17,2,0,0.01
724,37,7.9,13,1,0,0.01
725,190,3.4,18,4,1,0.01
726,30,10.3,16,2,0,0.01
727,33,7.6,13,1,0,0.01
728,101,4.9,13,0,0,0.01
729,24,5.0,10,1,0,0.01
730,46,7.4,13,4,0,0.01
731,36,12.4,18,1,0,0.01
732,20,7.2,12,0,0,0.01
733,45,10.9,17,0,0,0.01
734,400,15.5,17,0,0,0.01
735,30,10.1,15,0,0,0.01
736,35,1.8,8,5,0,0.01
737,18,-0.8,4,2,0,0.01
738,24,6.8,12,2,0,0.01
739,168,-1.2,9,3,0,0.01
740,400,7.7,13,0,0,0.01
741,400,12.6,17,0,0,0.01
742,46,6.8,13,2,0,0.01
743,38,9.7,15,0,0,0.01
744,38,10.6,16,2,0,0.01
745,201,-0.8,14,3,0,0.01
746,25,3.9,9,0,0,0.01
747,400,4.0,11,3,0,0.01
748,22,0.6,6,2,0,0.01
749,34,7.2,13,2,0,0.01
750,32,6.8,16,7,0,0.01
751,20,1.9,7,0,0,0.01
752,17,-0.2,5,1,0,0.01
753,58,9.1,16,0,0,0.01
754,50,3.4,10,1,0,0.01
755,23,3.1,10,0,0,0.01
756,39,3.0,12,4,0,0.01
757,281,-10.4,9,6,0,0.01
758,34,5.9,11,0,0,0.01
759,64,10.2,17,0,0,0.01
760,400,13.7,17,3,0,0.01
761,64,4.0,11,2,0,0.01
762,44,5.5,12,6,0,0.01
763,20,2.6,8,2,0,0.01
764,323,-11.8,10,11,0,0.01
765,26,4.9,10,2,0,0.01
766,35,4.3,10,0,0,0.01
767,28,9.0,14,0,0,0.01
768,61,8.7,16,5,0,0.01
769,34,6.0,11,0,0,0.01
770,400,13.8,16,1,0,0.01
771,55,5.2,12,3,0,0.01
772,37,9.6,15,1,0,0.01
773,44,7.5,13,2,0,0.01
774,400,-6.5,12,1,0,0.01
775,400,-3.0,18,138,0,0.01
776,28,1.6,7,4,0,0.01
777,36,10.7,16,0,0,0.01
778,48,4.4,11,8,0,0.01
779,35,1.7,10,4,0,0.01
780,34,6.5,12,2,0,0.01
781,400,15.7,19,1,0,0.01
782,400,8.6,16,8,0,0.01
783,24,7.1,12,0,0,0.01
784,39,6.9,13,1,0,0.01
785,400,6.8,15,1,0,0.01
786,26,1.8,7,2,0,0.01
787,124,2.6,13,26,0,0.01
788,42,-0.5,8,6,0,0.01
789,400,12.9,21,3,0,0.01
790,26,4.9,10,0,0,0.01
791,400,14.4,16,0,0,0.01
792,40,1.9,10,5,0,0.01
793,51,7.7,14,0,0,0.01
794,400,13.7,18,3,0,0.01
795,77,12.5,20,0,0,0.01
796,36,3.6,9,0,0,0.01
797,400,8.6,17,1,0,0.01
798,71,11.4,18,0,0,0.01
799,55,6.2,13,2,0,0.01
800,39,8.0,13,1,0,0.01
801,400,15.9,18,2,0,0.01
802,70,6.6,13,0,0,0.01
803,55,4.7,11,1,0,0.01
804,400,10.1,16,3,0,0.01
805,400,14.7,16,4,0,0.01
806,34,3.0,8,2,0,0.01
807,37,6.6,12,1,0,0.01
808,22,6.3,11,0,0,0.01
809,400,20.4,23,4,0,0.01
810,400,3.9,12,0,0,0.01
811,54,4.6,11,1,0,0.01
812,18,1.1,6,0,0,0.01
813,26,2.1,7,2,0,0.01
814,27,2.7,8,1,0,0.01
815,30,6.7,12,0,0,0.01
816,29,0.2,9,6,0,0.01
817,20,1.2,6,2,0,0.01
818,400,3.8,11,0,0,0.01
819,145,4.8,13,2,0,0.01
820,400,11.6,14,3,0,0.01
821,31,4.0,10,1,0,0.01
822,58,4.7,12,0,0,0.01
823,146,7.8,22,7,0,0.01
824,20,3.2,8,2,0,0.01
825,49,6.7,16,6,0,0.01
826,24,7.8,13,0,0,0.01
827,53,0.5,7,5,0,0.01
828,213,-12.3,11,5,1,0.01
829,32,4.7,10,2,0,0.01
830,35,4.2,10,1,0,0.01
831,44,10.5,16,2,0,0.01
832,26,2.8,8,2,0,0.01
833,246,-6.3,16,3,1,0.01
834,24,3.8,9,0,0,0.01
835,37,7.6,13,1,0,0.01
836,19,3.6,9,0,0,0.01
837,38,5.9,11,0,0,0.01
838,32,5.2,11,0,0,0.01
839,65,4.6,13,5,0,0.01
840,52,2.5,9,4,0,0.01
841,73,3.9,15,14,0,0.01
842,40,1.5,11,3,0,0.01
843,18,5.2,10,0,0,0.01
844,82,4.6,12,1,0,0.01
845,26,3.8,9,2,0,0.01
846,26,2.0,7,2,0,0.01
847,66,4.0,11,1,0,0.01
848,39,7.5,13,3,0,0.01
849,45,13.5,19,2,0,0.01
850,400,10.1,15,0,0,0.01
851,27,2.3,11,6,0,0.01
852,46,9.4,16,2,0,0.01
853,90,13.6,22,1,0,0.01
854,93,2.6,18,9,1,0.01
855,32,8.7,14,0,0,0.01
856,30,5.1,10,0,0,0.01
857,31,8.3,14,1,0,0.01
858,107,1.3,17,7,1,0.01
859,20,3.0,8,0,0,0.01
860,23,2.8,8,1,0,0.01
861,42,3.9,10,0,0,0.01
862,22,1.9,7,2,0,0.01
863,37,5.0,14,6,0,0.01
864,46,0.2,10,5,0,0.01
865,32,8.0,13,2,0,0.01
866,46,5.0,11,2,0,0.01
867,32,9.0,14,2,0,0.01
868,32,7.2,16,3,0,0.01
869,25,3.8,9,1,0,0.01
870,25,-0.3,8,3,0,0.01
871,400,16.5,18,2,0,0.01
872,74,10.7,18,1,0,0.01
873,52,3.1,10,2,0,0.01
874,400,11.2,17,0,0,0.01
875,36,9.9,15,0,0,0.01
876,27,3.0,11,3,0,0.01
877,34,6.1,12,1,0,0.01
878,22,5.1,10,0,0,0.01
879,30,4.7,10,2,0,0.01
880,52,11.4,18,0,0,0.01
881,34,8.4,14,0,0,0.01
882,29,4.7,10,2,0,0.01
883,28,7.2,12,0,0,0.01
884,24,3.0,8,2,0,0.01
885,104,5.5,14,0,0,0.01
886,27,7.1,12,0,0,0.01
887,20,2.3,7,0,0,0.01
888,32,8.9,14,0,0,0.01
889,400,10.3,17,3,0,0.01
890,400,7.6,13,0,0,0.01
891,204,-1.5,14,8,0,0.01
892,24,3.1,8,0,0,0.01
893,39,1.6,10,6,0,0.01
894,17,-0.9,4,1,0,0.01
895,128,6.0,15,9,0,0.01
896,39,6.4,13,4,0,0.01
897,37,8.5,14,0,0,0.01
898,35,4.8,14,6,0,0.01
899,383,-32.2,7,145,0,0.01
900,22,2.1,7,2,0,0.01
901,25,1.8,7,1,0,0.01
902,42,7.1,13,4,0,0.01
903,23,3.2,11,2,0,0.01
904,60,7.7,14,1,0,0.01
905,34,7.7,13,1,0,0.01
906,19,2.8,8,1,0,0.01
907,61,9.3,16,2,0,0.01
908,34,8.6,14,2,0,0.01
909,29,7.6,13,1,0,0.01
910,33,4.0,13,6,0,0.01
911,35,6.2,12,3,0,0.01
912,24,0.9,6,2,0,0.01
913,30,5.4,11,2,0,0.01
914,32,5.8,11,2,0,0.01
915,35,-1.0,8,7,0,0.01
916,400,-0.3,12,5,0,0.01
917,54,8.4,15,5,0,0.01
918,24,0.2,6,2,0,0.01
919,57,3.9,10,0,0,0.01
920,33,6.5,12,1,0,0.01
921,22,0.4,6,3,0,0.01
922,400,19.6,23,23,0,0.01
923,25,0.8,10,5,0,0.01
924,24,1.9,7,2,0,0.01
925,48,11.4,18,1,0,0.01
926,20,2.0,7,2,0,0.01
927,400,3.8,11,1,0,0.01
928,22,1.9,7,2,0,0.01
929,89,7.6,15,8,0,0.01
930,196,0.2,10,1,0,0.01
931,52,1.3,15,4,1,0.01
932,84,-2.5,14,4,1,0.01
933,121,-1.1,10,31,0,0.01
934,22,1.9,7,2,0,0.01
935,31,2.5,8,2,0,0.01
936,32,7.8,13,0,0,0.01
937,400,14.8,19,30,0,0.01
938,28,4.6,10,2,0,0.01
939,56,13.2,19,2,0,0.01
940,400,14.1,17,2,0,0.01
941,38,6.1,12,0,0,0.01
942,22,1.9,7,2,0,0.01
943,86,10.8,17,1,0,0.01
944,24,5.6,11,2,0,0.01
945,231,9.5,20,0,0,0.01
946,26,3.8,9,0,0,0.01
947,95,8.4,14,10,0,0.01
948,400,7.0,9,2,0,0.01
949,400,-5.3,14,4,0,0.01
950,400,16.7,19,2,0,0.01
951,24,4.2,10,4,0,0.01
952,33,7.2,13,1,0,0.01
953,55,5.6,12,1,0,0.01
954,32,4.6,10,0,0,0.01
955,47,6.4,16,4,0,0.01
956,400,2.0,11,1,0,0.01
957,77,10.1,18,3,0,0.01
958,40,9.8,15,0,0,0.01
959,24,4.9,10,0,0,0.01
960,400,6.3,15,0,0,0.01
961,400,19.5,21,1,0,0.01
962,136,7.5,15,0,0,0.01
963,33,6.7,12,1,0,0.01
964,39,4.4,12,3,0,0.01
965,26,3.6,9,2,0,0.01
966,32,2.2,7,2,0,0.01
967,34,5.5,11,2,0,0.01
968,28,6.3,12,2,0,0.01
969,67,8.9,16,1,0,0.01
970,22,3.4,8,0,0,0.01
971,41,10.4,16,1,0,0.01
972,43,10.0,15,1,0,0.01
973,35,2.3,9,4,0,0.01
974,28,0.7,6,2,0,0.01
975,400,8.7,18,3,0,0.01
976,26,4.1,9,0,0,0.01
977,35,0.8,9,3,0,0.01
978,24,2.2,7,0,0,0.01
979,55,3.1,13,4,0,0.01
980,50,12.9,19,0,0,0.01
981,45,7.1,14,2,0,0.01
982,64,11.5,18,0,0,0.01
983,400,9.1,16,16,0,0.01
984,55,12.0,19,3,0,0.01
985,400,9.0,11,4,0,0.01
986,17,-1.1,4,1,0,0.01
987,26,1.6,7,4,0,0.01
988,164,7.7,17,0,0,0.01
989,203,-0.5,14,4,0,0.01
990,120,12.4,19,0,0,0.01
991,44,9.0,15,2,0,0.01
992,24,3.7,9,2,0,0.01
993,15,-0.2,5,1,0,0.01
994,36,8.5,14,0,0,0.01
995,22,2.5,8,2,0,0.01
996,400,15.9,21,1,0,0.01
997,48,9.2,15,0,0,0.01
998,33,0.8,10,5,0,0.01
999,26,3.9,9,0,0,0.01
1000,59,4.4,11,2,0,0.01
1001,27,3.9,9,0,0,0.01
1002,400,5.5,11,2,0,0.01
1003,37,2.6,12,5,0,0.01
1004,30,3.1,9,4,0,0.01
1005,141,6.8,16,0,0,0.01
1006,72,2.3,9,1,0,0.01
1007,30,4.8,10,2,0,0.01
1008,106,7.7,17,3,0,0.01
1009,36,5.9,12,6,0,0.01
1010,26,3.7,9,0,0,0.01
1011,89,6.3,15,1,0,0.01
1012,400,15.9,21,1,0,0.01
1013,48,9.1,15,0,0,0.01
1014,400,2.4,11,59,0,0.01
1015,78,6.5,14,2,0,0.01
1016,400,14.5,17,21,0,0.01
1017,66,4.3,14,4,0,0.01
1018,400,0.7,9,1,0,0.01
1019,50,8.5,14,3,0,0.01
1020,97,12.4,20,1,0,0.01
1021,18,2.4,7,0,0,0.01
1022,45,4.3,10,5,0,0.01
1023,34,7.9,13,2,0,0.01
1024,400,15.0,23,2,0,0.01
1025,400,12.4,14,7,0,0.01
1026,36,-1.2,12,5,1,0.01
1027,89,6.4,14,3,0,0.01
1028,33,5.5,11,1,0,0.01
1029,23,3.7,9,1,0,0.01
1030,21,3.0,8,0,0,0.01
1031,20,2.9,8,2,0,0.01
1032,18,3.0,8,0,0,0.01
1033,74,5.9,13,4,0,0.01
1034,48,4.1,11,2,0,0.01
1035,42,9.2,15,2,0,0.01
1036,43,9.1,15,1,0,0.01
1037,102,5.7,14,6,0,0.01
1038,40,5.0,11,0,0,0.01
1039,46,7.1,13,2,0,0.01
1040,69,10.0,12,1,0,0.01
1041,400,7.7,12,1,0,0.01
1042,50,12.7,18,2,0,0.01
1043,400,13.5,15,0,0,0.01
1044,33,6.2,11,1,0,0.01
1045,32,3.4,9,2,0,0.01
1046,37,7.5,16,3,0,0.01
1047,400,14.9,17,1,0,0.01
1048,22,2.7,8,2,0,0.01
1049,400,6.1,14,3,0,0.01
1050,40,-1.3,12,2,1,0.01
1051,182,10.1,18,3,0,0.01
1052,400,10.2,11,1,0,0.01
1053,400,18.9,22,7,0,0.01
1054,43,8.8,14,1,0,0.01
1055,23,3.9,9,1,0,0.01
1056,400,7.7,9,10,0,0.01
1057,33,2.3,11,5,0,0.01
1058,400,14.5,16,4,0,0.01
1059,16,0.0,5,1,0,0.01
1060,18,1.4,6,0,0,0.01
1061,400,16.5,18,1,0,0.01
1062,56,11.2,18,1,0,0.01
1063,16,0.0,5,2,0,0.01
1064,26,6.2,11,0,0,0.01
1065,26,8.7,16,3,0,0.01
1066,400,12.2,19,45,0,0.01
1067,29,3.7,12,3,0,0.01
1068,400,18.4,21,14,0,0.01
1069,400,1.9,16,128,0,0.01
1070,27,1.0,11,0,1,0.01
1071,31,0.1,9,6,0,0.01
1072,50,8.2,14,2,0,0.01
1073,41,4.6,10,4,0,0.01
1074,341,-13.6,13,2,1,0.01
1075,28,-0.4,5,4,0,0.01
1076,42,0.9,10,9,0,0.01
1077,400,1.8,10,8,0,0.01
1078,23,2.9,8,1,0,0.01
1079,400,8.8,19,101,0,0.01
1080,400,8.3,16,1,0,0.01
1081,14,1.2,6,2,0,0.01
1082,29,2.9,8,1,0,0.01
1083,400,12.1,14,0,0,0.01
1084,171,-4.0,16,2,1,0.01
1085,31,1.6,11,5,0,0.01
1086,44,8.2,14,6,0,0.01
1087,26,6.8,12,2,0,0.01
1088,18,0.1,5,2,0,0.01
1089,23,3.0,8,0,0,0.01
1090,20,2.2,7,2,0,0.01
1091,40,2.5,12,4,0,0.01
1092,22,0.9,6,2,0,0.01
1093,73,4.8,12,0,0,0.01
1094,400,11.1,16,2,0,0.01
1095,19,0.9,6,1,0,0.01
1096,361,-13.4,18,2,1,0.01
1097,22,-0.3,5,2,0,0.01
1098,23,-0.7,8,5,0,0.01
1099,34,3.1,9,4,0,0.01
1100,400,-0.7,14,2,0,0.01
1101,210,2.7,16,10,0,0.01
1102,28,2.9,8,2,0,0.01
1103,320,-20.4,11,6,1,0.01
1104,30,2.5,8,2,0,0.01
1105,24,2.8,8,2,0,0.01
1106,400,7.0,13,1,0,0.01
1107,19,3.6,9,1,0,0.01
1108,25,2.8,8,1,0,0.01
1109,31,4.8,10,1,0,0.01
1110,96,9.8,18,4,0,0.01
1111,30,3.8,9,0,0,0.01
1112,400,6.5,14,8,0,0.01
1113,24,1.1,6,2,0,0.01
1114,25,1.0,6,0,0,0.01
1115,36,3.4,9,4,0,0.01
1116,62,15.0,21,0,0,0.01
1117,36,4.4,10,2,0,0.01
1118,400,13.8,17,12,0,0.01
1119,27,2.9,8,1,0,0.01
1120,26,4.0,9,0,0,0.01
1121,78,5.0,13,0,0,0.01
1122,78,9.0,16,3,0,0.01
1123,58,9.6,16,1,0,0.01
1124,400,-0.2,21,3,0,0.01
1125,400,17.5,20,13,0,0.01
1126,400,4.0,10,0,0,0.01
1127,59,6.4,12,0,0,0.01
1128,400,0.1,11,95,0,0.01
1129,27,0.3,6,1,0,0.01
1130,24,3.8,9,1,0,0.01
1131,33,5.8,11,1,0,0.01
1132,15,2.3,7,1,0,0.01
1133,400,11.0,15,1,0,0.01
1134,31,4.9,11,3,0,0.01
1135,64,9.3,16,1,0,0.01
1136,33,4.3,10,3,0,0.01
1137,31,2.9,9,5,0,0.01
1138,46,8.2,15,0,0,0.01
1139,79,13.3,24,5,0,0.01
1140,126,7.5,15,9,0,0.01
1141,31,-5.6,7,6,1,0.01
1142,28,3.9,9,0,0,0.01
1143,32,3.0,8,2,0,0.01
1144,35,5.5,15,5,0,0.01
1145,298,4.6,16,8,0,0.01
1146,25,3.1,8,0,0,0.01
1147,400,-4.2,16,2,0,0.01
1148,35,9.6,15,1,0,0.01
1149,30,7.6,13,2,0,0.01
1150,35,5.6,11,1,0,0.01
1151,400,1.8,11,4,0,0.01
1152,32,5.5,11,2,0,0.01
1153,59,9.9,16,1,0,0.01
1154,400,13.2,16,1,0,0.01
1155,37,6.2,12,3,0,0.01
1156,177,-2.6,16,24,1,0.01
1157,53,3.7,13,9,0,0.01
1158,26,3.6,9,1,0,0.01
1159,28,1.0,9,3,0,0.01
1160,50,4.0,11,1,0,0.01
1161,30,9.8,15,0,0,0.01
1162,34,7.0,12,0,0,0.01
1163,16,0.9,6,2,0,0.01
1164,55,9.8,16,3,0,0.01
1165,400,3.3,14,17,0,0.01
1166,400,8.1,15,5,0,0.01
1167,203,3.2,15,15,0,0.01
1168,28,3.6,9,2,0,0.01
1169,63,14.9,21,0,0,0.01
1170,29,2.4,8,1,0,0.01
1171,400,10.3,18,27,0,0.01
1172,66,10.0,16,0,0,0.01
1173,20,6.1,11,0,0,0.01
1174,400,16.3,18,3,0,0.01
1175,400,10.0,17,55,0,0.01
1176,19,1.9,7,0,0,0.01
1177,25,4.1,9,1,0,0.01
1178,45,5.0,11,0,0,0.01
1179,62,11.3,17,2,0,0.01
1180,44,9.6,15,0,0,0.01
1181,28,5.9,11,0,0,0.01
1182,29,7.3,13,3,0,0.01
1183,400,5.1,11,57,0,0.01
1184,79,7.4,15,0,0,0.01
1185,400,-2.4,12,36,0,0.01
1186,34,8.0,13,0,0,0.01
1187,400,15.7,17,9,0,0.01
1188,53,7.7,14,0,0,0.01
1189,29,4.0,9,1,0,0.01
1190,44,10.5,17,3,0,0.01
1191,39,7.7,13,0,0,0.01
1192,122,7.0,17,21,0,0.01
1193,400,5.7,13,9,0,0.01
1194,22,6.2,11,0,0,0.01
1195,29,1.8,11,6,0,0.01
1196,24,3.6,9,0,0,0.01
1197,27,3.3,9,2,0,0.01
1198,40,10.6,16,2,0,0.01
1199,32,1.5,8,6,0,0.01
1200,25,2.5,8,2,0,0.01
1201,32,4.7,10,2,0,0.01
1202,61,4.2,11,1,0,0.01
1203,39,2.2,8,2,0,0.01
1204,37,3.9,10,2,0,0.01
1205,135,1.1,13,2,0,0.01
1206,30,5.8,11,1,0,0.01
1207,120,1.3,12,0,0,0.01
1208,64,5.0,12,0,0,0.01
1209,32,4.2,10,5,0,0.01
1210,36,7.9,13,1,0,0.01
1211,400,5.8,14,17,0,0.01
1212,289,-24.5,4,5,1,0.01
1213,24,1.1,6,0,0,0.01
1214,28,5.6,11,1,0,0.01
1215,23,-1.7,7,6,0,0.01
1216,66,6.2,13,5,0,0.01
1217,82,7.4,16,2,0,0.01
1218,25,0.8,6,0,0,0.01
1219,56,9.8,16,0,0,0.01
1220,20,3.7,9,2,0,0.01
1221,29,3.3,13,0,1,0.01
1222,26,6.2,11,0,0,0.01
1223,39,1.5,8,2,0,0.01
1224,80,4.2,12,5,0,0.01
1225,36,2.5,8,1,0,0.01
1226,34,4.1,13,6,0,0.01
1227,36,8.9,14,0,0,0.01
1228,17,2.2,7,1,0,0.01
1229,37,6.0,11,1,0,0.01
1230,35,4.7,11,5,0,0.01
1231,58,7.1,14,2,0,0.01
1232,44,4.1,10,3,0,0.01
1233,22,6.2,11,0,0,0.01
1234,400,10.5,18,12,0,0.01
1235,30,5.8,11,2,0,0.01
1236,400,6.4,12,1,0,0.01
1237,18,-2.0,3,2,0,0.01
1238,114,6.8,16,3,0,0.01
1239,80,7.0,15,0,0,0.01
1240,32,1.1,9,2,0,0.01
1241,400,-2.0,12,3,0,0.01
1242,57,6.0,16,3,0,0.01
1243,44,16.9,23,2,0,0.01
1244,400,4.7,19,1,0,0.01
1245,30,8.6,14,0,0,0.01
1246,22,4.9,10,0,0,0.01
1247,22,4.9,10,2,0,0.01
1248,34,2.3,10,3,0,0.01
1249,67,11.5,19,0,0,0.01
1250,109,1.5,13,6,0,0.01
1251,26,5.8,11,2,0,0.01
1252,25,2.8,8,0,0,0.01
1253,32,4.7,10,2,0,0.01
1254,400,1.2,9,5,0,0.01
1255,54,5.2,19,3,1,0.01
1256,23,-0.2,5,1,0,0.01
1257,27,5.8,11,1,0,0.01
1258,400,-5.7,17,1,0,0.01
1259,35,3.4,12,6,0,0.01
1260,400,12.3,14,0,0,0.01
1261,35,10.4,15,1,0,0.01
1262,44,4.5,14,6,0,0.01
1263,68,8.7,19,5,0,0.01
1264,400,8.8,13,4,0,0.01
1265,35,6.1,12,2,0,0.01
1266,30,11.7,17,0,0,0.01
1267,400,-1.4,15,2,0,0.01
1268,400,7.4,19,1,0,0.01
1269,74,3.5,18,5,1,0.01
1270,18,3.2,8,0,0,0.01
1271,288,-10.7,17,4,1,0.01
1272,400,18.7,21,2,0,0.01
1273,32,4.8,12,2,0,0.01
1274,54,8.5,19,3,0,0.01
1275,24,3.7,9,2,0,0.01
1276,117,5.9,13,1,0,0.01
1277,23,2.5,8,2,0,0.01
1278,47,6.2,12,4,0,0.01
1279,400,-3.8,15,1,0,0.01
1280,18,1.1,6,2,0,0.01
1281,59,3.6,10,0,0,0.01
1282,25,3.9,9,1,0,0.01
1283,33,6.5,12,0,0,0.01
1284,38,10.1,16,2,0,0.01
1285,400,18.4,20,1,0,0.01
1286,23,0.6,6,1,0,0.01
1287,150,10.2,18,2,0,0.01
1288,67,14.2,20,2,0,0.01
1289,400,11.8,15,16,0,0.01
1290,25,2.6,8,1,0,0.01
1291,34,1.5,7,2,0,0.01
1292,400,13.6,17,13,0,0.01
1293,36,9.8,15,0,0,0.01
1294,19,0.8,6,1,0,0.01
1295,400,14.7,17,2,0,0.01
1296,26,7.9,13,0,0,0.01
1297,24,5.0,10,0,0,0.01
1298,400,5.4,15,12,0,0.01
1299,140,2.1,14,14,0,0.01
1300,400,13.3,17,1,0,0.01
1301,40,7.3,13,2,0,0.01
1302,400,15.0,18,0,0,0.01
1303,39,6.8,12,3,0,0.01
1304,400,14.9,17,2,0,0.01
1305,26,3.1,8,2,0,0.01
1306,26,1.5,10,5,0,0.01
1307,28,2.4,11,4,0,0.01
1308,33,4.4,10,0,0,0.01
1309,400,12.4,16,18,0,0.01
1310,400,12.1,14,4,0,0.01
1311,45,10.0,16,0,0,0.01
1312,400,-11.1,10,6,0,0.01
1313,26,3.9,9,2,0,0.01
1314,400,14.2,16,3,0,0.01
1315,24,3.8,9,2,0,0.01
1316,35,6.8,12,0,0,0.01
1317,400,15.3,17,2,0,0.01
1318,28,6.6,12,1,0,0.01
1319,38,1.7,7,2,0,0.01
1320,43,10.4,16,1,0,0.01
1321,400,-6.8,15,5,0,0.01
1322,74,4.6,19,6,1,0.01
1323,44,6.7,12,2,0,0.01
1324,15,-1.3,4,1,0,0.01
1325,44,3.1,9,2,0,0.01
1326,18,1.0,6,0,0,0.01
1327,33,8.6,14,1,0,0.01
1328,33,8.7,14,1,0,0.01
1329,400,5.7,17,0,0,0.01
1330,25,9.9,15,1,0,0.01
1331,20,1.3,6,2,0,0.01
1332,16,0.1,5,0,0,0.01
1333,400,14.1,16,9,0,0.01
1334,48,7.7,16,3,0,0.01
1335,400,5.3,17,2,0,0.01
1336,24,4.0,9,2,0,0.01
1337,28,7.0,12,0,0,0.01
1338,30,8.8,14,0,0,0.01
1339,19,1.2,6,1,0,0.01
1340,65,4.1,11,5,0,0.01
1341,36,10.0,15,0,0,0.01
1342,400,-6.1,15,2,0,0.01
1343,400,13.1,18,20,0,0.01
1344,34,5.4,11,2,0,0.01
1345,18,-0.1,5,2,0,0.01
1346,16,-2.9,2,2,0,0.01
1347,26,3.7,9,2,0,0.01
1348,28,6.7,12,0,0,0.01
1349,24,7.7,13,0,0,0.01
1350,400,1.4,11,9,0,0.01
1351,225,-5.5,18,6,1,0.01
1352,23,3.9,9,1,0,0.01
1353,57,14.1,20,3,0,0.01
1354,41,9.6,15,1,0,0.01
1355,40,9.2,14,2,0,0.01
1356,327,-14.6,12,7,1,0.01
1357,23,1.7,7,0,0,0.01
1358,400,7.9,11,8,0,0.01
1359,51,12.6,18,1,0,0.01
1360,97,5.0,19,6,1,0.01
1361,60,8.5,14,1,0,0.01
1362,52,3.3,13,6,0,0.01
1363,47,9.1,15,5,0,0.01
1364,39,10.6,16,3,0,0.01
1365,23,-1.0,7,3,0,0.01
1366,28,2.8,8,0,0,0.01
1367,38,9.2,14,2,0,0.01
1368,23,1.1,6,1,0,0.01
1369,26,0.9,6,2,0,0.01
1370,400,-1.1,14,8,0,0.01
1371,400,6.9,12,7,0,0.01
1372,61,6.6,14,0,0,0.01
1373,35,9.4,15,1,0,0.01
1374,44,6.5,16,7,0,0.01
1375,22,-1.1,5,6,0,0.01
1376,51,2.0,12,4,0,0.01
1377,33,7.5,13,1,0,0.01
1378,27,2.4,11,5,0,0.01
1379,24,4.6,10,2,0,0.01
1380,18,1.1,6,2,0,0.01
1381,36,5.2,11,0,0,0.01
1382,400,6.0,15,16,0,0.01
1383,48,9.0,14,0,0,0.01
1384,400,-7.2,13,3,0,0.01
1385,39,9.4,15,0,0,0.01
1386,30,4.0,9,2,0,0.01
1387,400,-11.6,9,8,0,0.01
1388,400,2.1,16,6,0,0.01
1389,33,8.0,13,1,0,0.01
1390,32,9.9,15,2,0,0.01
1391,45,5.6,11,1,0,0.01
1392,42,9.6,19,4,0,0.01
1393,31,1.9,7,0,0,0.01
1394,269,6.4,17,7,1,0.01
1395,53,8.6,15,1,0,0.01
1396,32,5.8,11,0,0,0.01
1397,400,-7.5,14,3,0,0.01
1398,36,4.3,10,2,0,0.01
1399,20,2.0,7,0,0,0.01
1400,27,4.0,9,1,0,0.01
1401,30,6.6,12,1,0,0.01
1402,62,12.7,19,2,0,0.01
1403,29,10.0,15,1,0,0.01
1404,29,4.5,10,1,0,0.01
1405,55,10.9,20,2,0,0.01
1406,231,3.8,20,9,1,0.01
1407,400,12.2,20,4,0,0.01
1408,400,14.4,17,11,0,0.01
1409,40,4.0,10,3,0,0.01
1410,21,2.9,8,1,0,0.01
1411,45,6.1,12,3,0,0.01
1412,39,7.4,13,1,0,0.01
1413,400,14.0,16,2,0,0.01
1414,93,1.9,12,3,0,0.01
1415,24,4.0,9,0,0,0.01
1416,24,4.9,10,0,0,0.01
1417,24,5.6,11,0,0,0.01
1418,400,19.4,22,3,0,0.01
1419,400,-2.5,20,1,0,0.01
1420,32,9.4,15,0,0,0.01
1421,93,5.6,15,5,0,0.01
1422,400,-11.3,11,7,0,0.01
1423,26,-0.4,8,4,0,0.01
1424,35,-0.6,8,6,0,0.01
1425,51,3.3,9,5,0,0.01
1426,20,6.1,11,0,0,0.01
1427,400,2.7,21,1,0,0.01
1428,38,8.0,13,2,0,0.01
1429,21,6.3,11,0,0,0.01
1430,37,5.5,11,1,0,0.01
1431,400,12.4,13,0,0,0.01
1432,29,3.9,9,1,0,0.01
1433,400,18.1,20,0,0,0.01
1434,29,4.5,12,2,0,0.01
1435,21,1.7,7,1,0,0.01
1436,54,18.2,25,2,0,0.01
1437,22,1.3,6,0,0,0.01
1438,29,5.5,11,3,0,0.01
1439,400,16.3,20,20,0,0.01
1440,400,2.8,10,6,0,0.01
1441,400,13.2,15,7,0,0.01
1442,379,-19.1,14,7,1,0.01
1443,45,3.5,13,4,0,0.01
1444,18,3.1,8,0,0,0.01
1445,141,2.0,15,6,0,0.01
1446,21,4.9,10,0,0,0.01
1447,35,8.9,14,1,0,0.01
1448,34,7.1,12,2,0,0.01
1449,400,12.2,13,6,0,0.01
1450,400,10.5,19,78,0,0.01
1451,400,6.0,14,4,0,0.01
1452,39,4.9,10,0,0,0.01
1453,31,2.2,11,6,0,0.01
1454,36,9.5,15,0,0,0.01
1455,26,5.8,11,0,0,0.01
1456,25,6.9,12,1,0,0.01
1457,20,5.1,10,2,0,0.01
1458,148,5.5,13,6,0,0.01
1459,32,4.2,9,3,0,0.01
1460,37,1.1,10,6,0,0.01
1461,26,2.4,8,2,0,0.01
1462,28,9.0,14,0,0,0.01
1463,13,1.3,6,1,0,0.01
1464,400,14.0,22,3,0,0.01
1465,40,2.8,9,3,0,0.01
1466,400,-3.6,14,7,0,0.01
1467,46,6.5,12,0,0,0.01
1468,62,0.4,8,1,0,0.01
1469,140,6.2,21,28,1,0.01
1470,400,13.8,16,1,0,0.01
1471,400,-6.5,9,108,0,0.01
1472,101,7.8,16,15,0,0.01
1473,122,5.3,18,9,0,0.01
1474,35,4.9,13,3,0,0.01
1475,32,5.4,11,2,0,0.01
1476,78,5.0,15,8,0,0.01
1477,400,9.8,18,1,0,0.01
1478,400,-9.7,13,6,0,0.01
1479,400,5.2,14,6,0,0.01
1480,400,-6.5,13,4,0,0.01
1481,400,-1.4,19,4,0,0.01
1482,400,-4.4,11,13,0,0.01
1483,19,1.9,7,0,0,0.01
1484,48,2.8,9,7,0,0.01
1485,400,17.0,19,3,0,0.01
1486,58,10.7,19,3,0,0.01
1487,26,3.0,8,1,0,0.01
1488,35,5.4,13,3,0,0.01
1489,32,6.1,12,2,0,0.01
1490,400,-3.7,10,6,0,0.01
1491,27,2.0,7,3,0,0.01
1492,400,9.8,15,6,0,0.01
1493,400,-5.7,14,12,0,0.01
1494,44,7.5,17,3,0,0.01
1495,400,-2.2,20,6,0,0.01
1496,14,1.2,6,0,0,0.01
1497,77,0.8,12,1,1,0.01
1498,52,5.1,11,2,0,0.01
1499,34,5.6,11,2,0,0.01
1500,19,1.2,6,1,0,0.01
1501,38,8.7,14,2,0,0.01
1502,64,8.9,18,5,0,0.01
1503,129,-0.3,10,5,0,0.01
1504,28,5.1,10,0,0,0.01
1505,31,3.1,9,1,0,0.01
1506,400,-6.3,15,4,0,0.01
1507,41,10.3,19,3,0,0.01
1508,400,16.9,21,22,0,0.01
1509,42,10.8,16,0,0,0.01
1510,400,-2.4,8,7,0,0.01
1511,75,13.5,20,0,0,0.01
1512,48,0.9,11,4,0,0.01
1513,20,4.7,10,2,0,0.01
1514,400,11.7,17,2,0,0.01
1515,400,-4.6,19,3,0,0.01
1516,68,1.7,16,6,1,0.01
1517,400,-6.1,13,6,0,0.01
1518,20,0.2,5,0,0,0.01
1519,50,-4.1,8,2,1,0.01
1520,27,4.7,10,1,0,0.01
1521,61,3.9,12,2,0,0.01
1522,112,0.8,13,5,0,0.01
1523,22,1.9,7,2,0,0.01
1524,400,8.3,14,41,0,0.01
1525,33,7.7,13,0,0,0.01
1526,400,13.0,15,4,0,0.01
1527,103,1.3,12,8,0,0.01
1528,400,5.3,11,56,0,0.01
1529,400,-0.4,20,2,0,0.01
1530,400,10.0,20,78,0,0.01
1531,53,-0.2,13,3,1,0.01
1532,24,1.1,6,2,0,0.01
1533,98,6.2,15,1,0,0.01
1534,400,-2.9,18,3,0,0.01
1535,400,10.3,16,3,0,0.01
1536,400,-5.0,16,2,0,0.01
1537,26,8.6,14,0,0,0.01
1538,400,-7.9,12,1,0,0.01
1539,25,1.7,9,3,0,0.01
1540,35,1.5,10,3,0,0.01
1541,25,-0.8,8,5,0,0.01
1542,400,6.4,15,61,0,0.01
1543,39,6.5,15,4,0,0.01
1544,28,9.7,15,0,0,0.01
1545,29,2.7,8,1,0,0.01
1546,400,2.4,18,0,0,0.01
1547,29,5.6,11,3,0,0.01
1548,400,-3.7,13,4,0,0.01
1549,400,-6.1,14,4,0,0.01
1550,400,-8.4,14,1,0,0.01
1551,45,1.3,11,4,0,0.01
1552,400,13.6,17,4,0,0.01
1553,400,0.7,11,105,0,0.01
1554,34,9.8,15,0,0,0.01
1555,28,5.0,10,1,0,0.01
1556,400,17.2,25,19,0,0.01
1557,400,4.1,11,3,0,0.01
1558,400,-5.8,14,7,0,0.01
1559,29,4.5,13,5,0,0.01
1560,29,0.6,6,4,0,0.01
1561,25,2.8,8,1,0,0.01
1562,24,1.7,7,0,0,0.01
1563,23,-1.9,6,3,0,0.01
1564,27,8.6,14,1,0,0.01
1565,22,0.8,6,2,0,0.01
1566,47,4.8,11,3,0,0.01
1567,53,9.7,18,1,0,0.01
1568,48,11.1,17,4,0,0.01
1569,400,7.5,12,40,0,0.01
1570,18,2.0,7,2,0,0.01
1571,400,-3.0,19,1,0,0.01
1572,77,13.5,18,7,0,0.01
1573,5,-11.9,1,3,1,0.01
1574,400,-8.5,15,4,0,0.01
1575,400,-6.2,13,2,0,0.01
1576,400,-2.9,16,5,0,0.01
1577,15,0.3,5,0,0,0.01
1578,41,5.1,14,3,0,0.01
1579,29,4.7,10,1,0,0.01
1580,400,-1.4,18,12,0,0.01
1581,70,12.1,21,5,0,0.01
1582,400,15.8,19,22,0,0.01
1583,400,-3.1,18,3,0,0.01
1584,400,5.3,15,5,0,0.01
1585,38,9.4,15,2,0,0.01
1586,28,2.8,8,2,0,0.01
1587,29,-1.0,5,2,0,0.01
1588,400,16.1,21,1,0,0.01
1589,400,-10.6,11,1,0,0.01
1590,20,5.9,11,0,0,0.01
1591,400,-2.8,15,4,0,0.01
1592,39,4.9,10,0,0,0.01
1593,43,0.6,9,3,0,0.01
1594,274,-9.3,17,3,1,0.01
1595,400,-0.6,19,4,0,0.01
1596,83,-2.7,7,7,0,0.01
1597,52,6.8,15,1,0,0.01
1598,400,-3.9,17,1,0,0.01
1599,400,-2.4,13,5,0,0.01
1600,400,8.1,12,3,0,0.01
1601,27,0.2,9,6,0,0.01
1602,26,2.9,8,2,0,0.01
1603,314,-4.8,19,95,1,0.01
1604,400,-2.3,15,1,0,0.01
1605,124,4.2,20,5,1,0.01
1606,295,0.4,16,10,1,0.01
1607,400,3.1,23,0,0,0.01
1608,25,3.9,9,1,0,0.01
1609,400,8.7,12,4,0,0.01
1610,74,5.1,12,2,0,0.01
1611,28,4.9,10,0,0,0.01
1612,42,10.6,16,2,0,0.01
1613,45,5.9,15,3,0,0.01
1614,400,-3.4,15,6,0,0.01
1615,400,-10.6,13,2,0,0.01
1616,46,5.2,15,6,0,0.01
1617,18,1.0,6,2,0,0.01
1618,24,1.9,7,2,0,0.01
1619,400,-0.9,14,5,0,0.01
1620,400,9.6,18,61,0,0.01
1621,38,0.2,9,8,0,0.01
1622,27,2.8,8,1,0,0.01
1623,25,4.3,9,1,0,0.01
1624,20,-0.3,5,0,0,0.01
1625,400,-6.0,7,10,0,0.01
1626,400,-8.7,13,4,0,0.01
1627,45,11.6,17,1,0,0.01
1628,39,1.5,10,3,0,0.01
1629,42,13.6,19,0,0,0.01
1630,400,-3.1,13,3,0,0.01
1631,400,7.0,16,52,0,0.01
1632,400,4.1,17,3,0,0.01
1633,51,7.5,17,3,0,0.01
1634,400,8.4,12,2,0,0.01
1635,400,-7.7,13,3,0,0.01
1636,400,1.0,17,134,0,0.01
1637,400,4.7,19,5,0,0.01
1638,400,-3.5,19,62,0,0.01
1639,400,11.5,17,3,0,0.01
1640,34,3.5,9,0,0,0.01
1641,47,8.8,15,0,0,0.01
1642,400,2.3,13,3,0,0.01
1643,23,3.5,9,0,0,0.01
1644,29,4.0,9,0,0,0.01
1645,400,-5.1,18,0,0,0.01
1646,400,15.4,19,0,0,0.01
1647,43,5.9,11,2,0,0.01
1648,400,0.8,20,2,0,0.01
1649,124,17.1,26,10,0,0.01
1650,31,6.0,11,0,0,0.01
1651,400,-11.9,10,2,0,0.01
1652,400,-5.3,17,1,0,0.01
1653,29,1.2,11,0,1,0.01
1654,17,1.1,6,1,0,0.01
1655,58,7.9,14,2,0,0.01
1656,25,3.6,9,1,0,0.01
1657,400,-7.9,15,59,0,0.01
1658,39,4.6,15,6,0,0.01
1659,400,-10.1,12,5,0,0.01
1660,332,-6.8,16,11,1,0.01
1661,400,-6.3,16,5,0,0.01
1662,400,16.9,19,9,0,0.01
1663,37,1.9,11,6,0,0.01
1664,400,14.1,18,27,0,0.01
1665,400,13.0,20,2,0,0.01
1666,31,6.9,12,1,0,0.01
1667,400,13.9,16,3,0,0.01
1668,33,6.7,12,0,0,0.01
1669,194,1.6,18,0,1,0.01
1670,104,-2.1,14,7,1,0.01
1671,28,1.4,6,0,0,0.01
1672,25,4.4,9,0,0,0.01
1673,400,-15.9,8,3,0,0.01
1674,40,7.8,13,0,0,0.01
1675,400,-9.3,10,3,0,0.01
1676,400,2.0,10,5,0,0.01
1677,36,8.7,14,0,0,0.01
1678,400,-9.8,13,2,0,0.01
1679,24,2.6,8,2,0,0.01
1680,27,8.9,14,0,0,0.01
1681,400,-10.6,12,1,0,0.01
1682,400,10.3,20,21,0,0.01
1683,28,4.5,10,0,0,0.01
1684,400,7.5,13,3,0,0.01
1685,400,-9.3,14,3,0,0.01
1686,400,-1.7,20,6,0,0.01
1687,400,-0.5,21,0,0,0.01
1688,34,7.9,13,2,0,0.01
1689,400,-6.7,12,1,0,0.01
1690,400,13.6,18,1,0,0.01
1691,37,5.2,11,2,0,0.01
1692,29,4.9,11,3,0,0.01
1693,400,0.9,20,0,0,0.01
1694,14,0.0,5,0,0,0.01
1695,24,6.1,11,0,0,0.01
1696,27,-6.2,7,7,1,0.01
1697,400,-2.3,12,1,0,0.01
1698,36,5.2,10,3,0,0.01
1699,29,2.9,8,2,0,0.01
1700,400,-8.0,15,1,0,0.01
1701,400,8.5,17,1,0,0.01
1702,24,3.2,8,2,0,0.01
1703,400,-4.8,17,6,0,0.01
1704,400,-6.0,14,165,0,0.01
1705,26,5.8,11,2,0,0.01
1706,400,-5.7,15,6,0,0.01
1707,400,-3.6,14,176,0,0.01
1708,400,-3.7,15,5,0,0.01
1709,400,1.0,18,166,0,0.01
1710,96,6.1,17,6,0,0.01
1711,114,2.1,13,6,0,0.01
1712,400,7.7,16,1,0,0.01
1713,400,15.8,22,2,0,0.01
1714,62,6.7,15,2,0,0.01
1715,28,8.0,13,0,0,0.01
1716,400,17.0,19,0,0,0.01
1717,29,6.1,11,1,0,0.01
1718,400,19.6,21,1,0,0.01
1719,400,11.1,17,0,0,0.01
1720,36,1.7,10,5,0,0.01
1721,400,7.4,14,4,0,0.01
1722,29,3.6,9,0,0,0.01
1723,27,5.8,11,1,0,0.01
1724,83,6.1,14,2,0,0.01
1725,132,-1.1,13,6,0,0.01
1726,19,5.1,10,1,0,0.01
1727,38,7.9,16,3,0,0.01
1728,400,-8.2,12,3,0,0.01
1729,400,-0.1,11,4,0,0.01
1730,17,-0.6,7,3,0,0.01
1731,400,-8.0,6,3,0,0.01
1732,111,8.7,20,7,0,0.01
1733,46,11.5,17,2,0,0.01
1734,86,8.9,18,4,0,0.01
1735,50,13.6,19,1,0,0.01
1736,400,11.7,14,1,0,0.01
1737,33,5.7,11,1,0,0.01
1738,22,-0.1,5,2,0,0.01
1739,400,-12.3,10,0,0,0.01
1740,400,12.7,15,0,0,0.01
1741,400,13.8,16,0,0,0.01
1742,59,17.4,23,1,0,0.01
1743,20,0.3,5,2,0,0.01
1744,400,7.4,15,3,0,0.01
1745,76,2.4,13,4,0,0.01
1746,24,2.9,8,2,0,0.01
1747,400,-6.3,10,2,0,0.01
1748,40,5.8,11,2,0,0.01
1749,400,-4.9,17,4,0,0.01
1750,55,5.6,12,1,0,0.01
1751,26,2.6,8,0,0,0.01
1752,354,12.6,28,6,1,0.01
1753,400,-11.6,11,1,0,0.01
1754,79,3.2,15,4,0,0.01
1755,72,3.7,15,0,1,0.01
1756,158,-6.9,10,3,1,0.01
1757,400,1.3,16,5,0,0.01
1758,400,-1.5,15,0,0,0.01
1759,168,2.9,19,5,1,0.01
1760,400,-1.0,22,1,0,0.01
1761,26,4.9,10,2,0,0.01
1762,400,-4.3,18,1,0,0.01
1763,372,2.7,14,1,1,0.01
1764,29,2.8,8,1,0,0.01
1765,400,-7.3,13,0,0,0.01
1766,42,4.7,14,3,0,0.01
1767,400,-7.4,11,5,0,0.01
1768,16,-0.3,5,0,0,0.01
1769,42,-2.0,11,1,1,0.01
1770,330,2.9,16,2,1,0.01
1771,105,4.0,16,6,0,0.01
1772,400,5.9,13,0,0,0.01
1773,400,6.7,14,1,0,0.01
1774,400,13.0,18,1,0,0.01
1775,37,8.2,14,3,0,0.01
1776,39,-3.6,10,4,1,0.01
1777,400,-7.1,13,3,0,0.01
1778,22,1.9,7,0,0,0.01
1779,39,3.0,12,6,0,0.01
1780,400,-6.2,17,6,0,0.01
1781,400,9.7,17,5,0,0.01
1782,21,2.6,8,0,0,0.01
1783,23,0.5,9,5,0,0.01
1784,142,0.3,13,2,0,0.01
1785,35,4.6,10,0,0,0.01
1786,45,5.4,15,2,0,0.01
1787,400,-8.1,15,2,0,0.01
1788,400,-1.2,16,9,0,0.01
1789,287,-18.3,10,8,1,0.01
1790,400,-8.8,13,3,0,0.01
1791,17,3.2,8,0,0,0.01
1792,394,3.4,15,3,1,0.01
1793,21,4.7,10,1,0,0.01
1794,400,-11.7,8,2,0,0.01
1795,27,7.7,13,1,0,0.01
1796,400,-3.9,15,4,0,0.01
1797,19,2.3,7,0,0,0.01
1798,400,8.9,13,0,0,0.01
1799,94,7.0,18,1,1,0.01
1800,400,7.3,11,1,0,0.01
1801,36,5.6,11,0,0,0.01
1802,41,7.9,13,1,0,0.01
1803,400,-12.3,10,3,0,0.01
1804,400,-10.8,13,2,0,0.01
1805,23,2.8,8,1,0,0.01
1806,22,2.9,8,0,0,0.01
1807,55,4.2,13,2,0,0.01
1808,400,7.0,13,3,0,0.01
1809,400,16.9,20,1,0,0.01
1810,26,3.9,9,2,0,0.01
1811,25,3.7,9,3,0,0.01
1812,50,4.0,10,1,0,0.01
1813,16,5.3,10,0,0,0.01
1814,400,-6.1,17,3,0,0.01
1815,400,17.1,19,0,0,0.01
1816,400,2.3,19,0,0,0.01
1817,32,6.8,12,0,0,0.01
1818,39,5.0,11,0,0,0.01
1819,400,2.3,21,1,0,0.01
1820,24,2.6,8,2,0,0.01
1821,19,2.9,8,1,0,0.01
1822,400,-3.2,17,8,0,0.01
1823,370,-11.0,15,2,0,0.01
1824,150,-3.9,11,5,1,0.01
1825,400,11.6,15,4,0,0.01
1826,118,-1.3,11,7,0,0.01
1827,37,6.0,15,5,0,0.01
1828,69,-0.8,13,3,1,0.01
1829,26,2.9,8,0,0,0.01
1830,400,-11.0,11,3,0,0.01
1831,23,3.0,8,1,0,0.01
1832,37,4.4,13,5,0,0.01
1833,25,2.9,8,0,0,0.01
1834,50,1.8,11,3,0,0.01
1835,37,5.3,11,1,0,0.01
1836,400,10.1,13,1,0,0.01
1837,53,4.8,15,6,0,0.01
1838,383,-1.3,12,3,1,0.01
1839,53,1.2,14,1,1,0.01
1840,32,7.6,13,0,0,0.01
1841,400,9.2,15,2,0,0.01
1842,31,5.9,11,1,0,0.01
1843,400,14.5,18,7,0,0.01
1844,19,0.7,6,3,0,0.01
1845,336,-19.7,13,4,1,0.01
1846,22,-0.4,8,5,0,0.01
1847,400,-14.6,10,3,0,0.01
1848,60,3.4,13,4,0,0.01
1849,33,6.5,12,1,0,0.01
1850,400,15.5,19,3,0,0.01
1851,400,-7.8,15,1,0,0.01
1852,400,12.3,14,3,0,0.01
1853,400,-5.5,14,6,0,0.01
1854,400,-6.4,15,3,0,0.01
1855,116,7.0,18,5,0,0.01
1856,23,-0.6,8,4,0,0.01
1857,148,6.6,19,3,1,0.01
1858,400,-3.8,13,5,0,0.01
1859,26,1.6,7,2,0,0.01
1860,58,5.1,15,4,0,0.01
1861,21,4.1,9,1,0,0.01
1862,26,7.1,12,0,0,0.01
1863,27,3.2,12,5,0,0.01
1864,30,10.7,16,0,0,0.01
1865,400,-9.7,10,2,0,0.01
1866,400,4.5,9,8,0,0.01
1867,41,7.5,13,0,0,0.01
1868,26,3.9,9,0,0,0.01
1869,400,-5.2,14,1,0,0.01
1870,43,14.9,20,0,0,0.01
1871,400,22.2,23,4,0,0.01
1872,400,-6.2,16,4,0,0.01
1873,44,5.1,11,1,0,0.01
1874,13,-8.1,2,0,1,0.01
1875,30,6.7,12,2,0,0.01
1876,30,2.3,8,3,0,0.01
1877,128,3.5,17,1,1,0.01
1878,16,0.8,6,2,0,0.01
1879,400,-8.1,15,2,0,0.01
1880,36,4.6,9,1,0,0.01
1881,29,8.8,14,1,0,0.01
1882,24,3.6,9,0,0,0.01
1883,400,-9.0,15,0,0,0.01
1884,53,7.7,14,4,0,0.01
1885,79,0.3,11,7,0,0.01
1886,400,-3.7,13,5,0,0.01
1887,83,1.4,11,3,0,0.01
1888,19,0.8,6,1,0,0.01
1889,400,7.6,17,4,0,0.01
1890,400,6.1,23,1,0,0.01
1891,400,5.7,16,1,0,0.01
1892,400,-2.5,18,2,0,0.01
1893,30,5.6,11,0,0,0.01
1894,37,5.6,15,2,0,0.01
1895,42,-0.3,9,3,0,0.01
1896,39,4.2,14,6,0,0.01
1897,400,-7.5,12,7,0,0.01
1898,29,1.3,10,6,0,0.01
1899,16,-1.0,4,2,0,0.01
1900,400,7.1,15,55,0,0.01
1901,400,10.6,17,3,0,0.01
1902,400,-5.6,16,1,0,0.01
1903,26,2.0,7,2,0,0.01
1904,400,-9.3,13,2,0,0.01
1905,59,6.0,15,4,0,0.01
1906,35,5.2,11,5,0,0.01
1907,400,8.6,13,6,0,0.01
1908,400,15.1,21,1,0,0.01
1909,171,-6.1,15,5,1,0.01
1910,400,6.9,15,20,0,0.01
1911,67,7.0,14,8,0,0.01
1912,400,6.4,13,3,0,0.01
1913,400,-3.1,13,3,0,0.01
1914,41,7.1,16,5,0,0.01
1915,400,2.9,16,16,0,0.01
1916,18,2.0,7,1,0,0.01
1917,27,1.7,7,2,0,0.01
1918,26,3.0,8,2,0,0.01
1919,52,6.3,12,4,0,0.01
1920,400,-9.0,12,0,0,0.01
1921,22,2.1,7,2,0,0.01
1922,43,8.3,14,3,0,0.01
1923,128,1.8,15,4,1,0.01
1924,22,2.1,7,0,0,0.01
1925,400,-8.9,7,7,0,0.01
1926,400,-6.3,16,2,0,0.01
1927,32,7.6,13,2,0,0.01
1928,40,-0.1,14,4,1,0.01
1929,90,7.1,22,1,1,0.01
1930,400,-5.0,10,4,0,0.01
1931,9,-9.0,1,0,1,0.01
1932,400,1.3,20,2,0,0.01
1933,400,-5.9,17,4,0,0.01
1934,400,-4.2,16,1,0,0.01
1935,400,21.1,21,7,0,0.01
1936,38,0.3,7,5,0,0.01
1937,224,0.8,17,7,1,0.01
1938,16,-0.1,5,2,0,0.01
1939,400,-4.7,17,1,0,0.01
1940,16,-0.0,5,2,0,0.01
1941,24,2.8,8,0,0,0.01
1942,21,6.1,11,0,0,0.01
1943,400,-10.1,13,1,0,0.01
1944,42,3.9,12,3,0,0.01
1945,400,9.4,16,44,0,0.01
1946,21,2.7,8,1,0,0.01
1947,169,-0.1,12,10,0,0.01
1948,21,-0.3,5,1,0,0.01
1949,33,1.8,10,5,0,0.01
1950,34,-0.3,9,7,0,0.01
1951,17,2.4,7,1,0,0.01
1952,48,8.6,14,1,0,0.01
1953,400,-7.8,11,1,0,0.01
1954,32,9.2,14,0,0,0.01
1955,28,4.0,9,0,0,0.01
1956,400,8.3,15,19,0,0.01
1957,34,8.3,14,2,0,0.01
1958,400,1.7,20,3,0,0.01
1959,36,9.2,15,2,0,0.01
1960,400,4.8,15,15,0,0.01
1961,30,7.9,13,0,0,0.01
1962,400,8.5,14,24,0,0.01
1963,23,0.9,6,1,0,0.01
1964,400,-2.1,20,3,0,0.01
1965,400,-8.9,14,6,0,0.01
1966,56,10.9,18,5,0,0.01
1967,400,9.5,16,43,0,0.01
1968,28,7.0,12,2,0,0.01
1969,400,-8.4,12,1,0,0.01
1970,41,8.2,14,2,0,0.01
1971,400,5.2,13,23,0,0.01
1972,400,12.1,18,23,0,0.01
1973,400,-13.6,10,5,0,0.01
1974,45,4.5,10,0,0,0.01
1975,16,-2.0,3,2,0,0.01
1976,43,0.0,9,5,0,0.01
1977,30,3.1,8,0,0,0.01
1978,24,4.0,9,0,0,0.01
1979,400,14.3,19,2,0,0.01
1980,400,-8.1,12,5,0,0.01
1981,285,-10.3,18,2,1,0.01
1982,50,11.0,17,1,0,0.01
1983,26,6.1,11,0,0,0.01
1984,17,1.2,6,1,0,0.01
1985,36,7.5,12,2,0,0.01
1986,27,4.8,10,0,0,0.01
1987,400,21.5,25,19,0,0.01
1988,400,-12.9,9,5,0,0.01
1989,48,9.1,15,0,0,0.01
1990,21,0.6,6,0,0,0.01
1991,18,0.9,6,2,0,0.01
1992,400,8.8,14,17,0,0.01
1993,18,-0.0,5,2,0,0.01
1994,400,-6.8,15,1,0,0.01
1995,400,1.7,11,16,0,0.01
1996,26,9.9,15,0,0,0.01
1997,25,5.2,10,1,0,0.01
1998,400,-2.3,19,6,0,0.01
1999,44,7.0,13,3,0,0.01
2000,147,0.7,14,13,1,0.01
2001,400,-6.7,16,0,0,0.01
2002,400,21.0,20,7,0,0.01
2003,50,3.7,14,6,0,0.01
2004,36,5.5,11,0,0,0.01
2005,35,4.8,14,5,0,0.01
2006,44,7.1,13,1,0,0.01
2007,21,-0.2,9,5,0,0.01
2008,400,2.3,12,5,0,0.01
2009,400,4.8,15,75,0,0.01
2010,50,5.5,14,1,0,0.01
2011,400,-2.1,20,0,0,0.01
2012,400,7.8,21,2,0,0.01
2013,25,3.6,9,1,0,0.01
2014,35,7.7,13,1,0,0.01
2015,26,6.8,12,0,0,0.01
2016,400,12.3,18,17,0,0.01
2017,164,-2.2,14,33,1,0.01
2018,400,-9.2,13,4,0,0.01
2019,49,12.2,18,1,0,0.01
2020,53,3.9,13,4,0,0.01
2021,83,-2.1,13,4,1,0.01
2022,30,2.3,8,2,0,0.01
2023,21,-0.7,8,6,0,0.01
2024,32,6.5,15,4,0,0.01
2025,400,-1.6,20,4,0,0.01
2026,400,8.9,13,1,0,0.01
2027,322,-11.1,14,3,1,0.01
2028,332,-17.0,12,5,1,0.01
2029,114,2.6,15,3,0,0.01
2030,400,13.6,19,0,0,0.01
2031,400,7.7,10,4,0,0.01
2032,196,2.5,20,6,0,0.01
2033,29,5.7,11,0,0,0.01
2034,40,9.6,15,2,0,0.01
2035,179,-2.7,13,5,1,0.01
2036,400,4.9,21,5,0,0.01
2037,38,8.4,14,0,0,0.01
2038,24,5.0,10,0,0,0.01
2039,27,5.5,11,1,0,0.01
2040,35,4.1,11,3,0,0.01
2041,263,5.3,17,2,1,0.01
2042,400,6.0,9,2,0,0.01
2043,148,6.1,19,3,0,0.01
2044,400,3.4,19,26,0,0.01
2045,50,8.7,15,3,0,0.01
2046,400,12.8,19,19,0,0.01
2047,28,8.0,13,0,0,0.01
2048,98,-0.3,12,5,0,0.01
2049,32,7.6,13,0,0,0.01
2050,16,-0.1,5,2,0,0.01
2051,400,-1.6,10,4,0,0.01
2052,20,-1.1,4,2,0,0.01
2053,25,0.3,9,5,0,0.01
2054,400,13.7,19,15,0,0.01
2055,59,7.2,14,7,0,0.01
2056,400,-1.9,11,5,0,0.01
2057,342,-1.5,10,3,1,0.01
2058,43,8.2,14,6,0,0.01
2059,33,7.7,13,2,0,0.01
2060,400,16.7,19,0,0,0.01
2061,37,7.7,14,5,0,0.01
2062,47,10.1,16,7,0,0.01
2063,400,-6.8,16,2,0,0.01
2064,31,8.8,14,1,0,0.01
2065,400,13.9,18,17,0,0.01
2066,200,-8.4,14,2,1,0.01
2067,25,-1.8,7,6,0,0.01
2068,400,-10.6,9,2,0,0.01
2069,34,-5.9,8,10,1,0.01
2070,400,-10.2,11,3,0,0.01
2071,342,-21.8,11,8,1,0.01
2072,50,5.1,11,1,0,0.01
2073,400,2.4,14,95,0,0.01
2074,31,6.5,12,1,0,0.01
2075,400,-10.3,12,3,0,0.01
2076,25,0.2,9,6,0,0.01
2077,19,1.6,7,0,0,0.01
2078,400,-6.3,16,2,0,0.01
2079,96,-2.7,8,7,0,0.01
2080,387,-25.2,11,4,1,0.01
2081,400,0.9,13,1,0,0.01
2082,30,9.7,15,0,0,0.01
2083,21,7.1,12,0,0,0.01
2084,24,2.1,7,1,0,0.01
2085,400,6.9,16,17,0,0.01
2086,400,12.3,20,2,0,0.01
2087,14,-1.7,3,2,0,0.01
2088,400,1.9,21,2,0,0.01
2089,16,0.2,5,2,0,0.01
2090,400,8.3,15,46,0,0.01
2091,27,6.9,12,0,0,0.01
2092,46,4.5,11,3,0,0.01
2093,25,-1.0,7,5,0,0.01
2094,400,6.6,13,45,0,0.01
2095,21,3.1,8,1,0,0.01
2096,20,-0.2,5,2,0,0.01
2097,22,3.0,8,2,0,0.01
2098,22,-4.2,8,3,1,0.01
2099,38,6.9,12,2,0,0.01
2100,400,-2.9,17,2,0,0.01
2101,34,7.4,13,0,0,0.01
2102,56,-1.4,12,1,1,0.01
2103,52,14.4,20,2,0,0.01
2104,64,6.4,17,3,0,0.01
2105,400,2.7,21,0,0,0.01
2106,31,7.7,13,0,0,0.01
2107,400,2.1,7,8,0,0.01
2108,52,8.2,15,1,0,0.01
2109,400,-12.9,11,4,0,0.01
2110,34,8.0,16,4,0,0.01
2111,38,3.2,9,1,0,0.01
2112,400,21.5,25,18,0,0.01
2113,27,-5.6,7,4,1,0.01
2114,400,-13.0,12,8,0,0.01
2115,400,22.0,28,34,0,0.01
2116,21,-1.6,7,5,0,0.01
2117,400,-1.9,16,1,0,0.01
2118,33,4.7,10,1,0,0.01
2119,400,-6.0,16,3,0,0.01
2120,32,6.1,11,0,0,0.01
2121,400,-8.0,13,7,0,0.01
2122,46,6.9,12,1,0,0.01
2123,31,-0.4,5,3,0,0.01
2124,197,-1.0,20,2,1,0.01
2125,28,4.7,10,2,0,0.01
2126,400,-6.8,14,1,0,0.01
2127,400,-2.8,15,3,0,0.01
2128,20,2.0,7,0,0,0.01
2129,400,-3.6,7,1,0,0.01
2130,36,8.9,14,0,0,0.01
2131,40,6.5,12,0,0,0.01
2132,400,2.4,7,1,0,0.01
2133,400,-7.7,16,5,0,0.01
2134,20,7.2,12,0,0,0.01
2135,50,-1.5,9,6,0,0.01
2136,23,3.1,8,1,0,0.01
2137,28,5.9,11,2,0,0.01
2138,28,7.0,12,1,0,0.01
2139,400,8.5,12,17,0,0.01
2140,400,9.8,13,14,0,0.01
2141,45,7.4,13,2,0,0.01
2142,36,6.9,13,4,0,0.01
2143,400,4.7,10,9,0,0.01
2144,400,0.8,20,4,0,0.01
2145,52,10.3,20,3,0,0.01
2146,26,-0.4,6,4,0,0.01
2147,62,-1.4,9,5,0,0.01
2148,400,9.3,18,35,0,0.01
2149,88,3.5,15,2,0,0.01
2150,25,2.1,11,7,0,0.01
2151,40,8.6,14,4,0,0.01
2152,49,1.4,11,5,0,0.01
2153,36,4.5,10,2,0,0.01
2154,50,8.6,17,3,0,0.01
2155,400,-12.2,10,2,0,0.01
2156,400,8.6,21,1,0,0.01
2157,400,19.2,18,19,0,0.01
2158,30,5.8,11,0,0,0.01
2159,33,6.5,12,0,0,0.01
2160,400,-10.7,14,4,0,0.01
2161,26,2.3,8,2,0,0.01
2162,400,9.4,17,69,0,0.01
2163,31,2.9,8,0,0,0.01
2164,400,-6.3,13,4,0,0.01
2165,400,13.5,19,40,0,0.01
2166,46,6.0,16,6,0,0.01
2167,26,2.7,8,2,0,0.01
2168,19,-2.2,8,0,1,0.01
2169,18,6.3,11,0,0,0.01
2170,400,9.5,13,4,0,0.01
2171,400,-4.1,18,0,0,0.01
2172,32,6.4,12,4,0,0.01
2173,400,-4.6,15,3,0,0.01
2174,58,7.3,17,6,0,0.01
2175,400,8.8,14,32,0,0.01
2176,34,4.7,10,3,0,0.01
2177,334,-4.5,10,17,1,0.01
2178,30,8.1,13,0,0,0.01
2179,400,-8.4,14,0,0,0.01
2180,399,-16.3,12,5,0,0.01
2181,30,-1.1,8,6,0,0.01
2182,31,4.0,13,6,0,0.01
2183,117,0.9,13,3,0,0.01
2184,92,2.9,13,4,0,0.01
2185,28,5.9,11,2,0,0.01
2186,30,-0.2,6,1,0,0.01
2187,400,-2.5,14,115,0,0.01
2188,400,-9.6,13,3,0,0.01
2189,6,-9.4,1,1,1,0.01
2190,29,5.8,11,1,0,0.01
2191,400,3.7,12,5,0,0.01
2192,400,3.2,17,4,0,0.01
2193,32,4.7,10,4,0,0.01
2194,30,8.8,14,0,0,0.01
2195,31,4.8,10,0,0,0.01
2196,24,4.8,10,0,0,0.01
2197,400,16.9,19,8,0,0.01
2198,35,0.1,9,6,0,0.01
2199,346,-0.2,10,13,1,0.01
2200,400,-2.4,16,17,0,0.01
2201,400,6.2,11,42,0,0.01
2202,400,-4.6,16,7,0,0.01
2203,400,0.8,9,9,0,0.01
2204,400,-13.8,8,38,0,0.01
2205,400,-10.8,10,6,0,0.01
2206,77,7.4,16,0,0,0.01
2207,400,-3.7,18,163,0,0.01
2208,43,0.5,10,6,0,0.01
2209,400,-7.3,14,25,0,0.01
2210,18,2.2,7,2,0,0.01
2211,66,9.5,19,3,0,0.01
2212,201,-8.8,14,2,1,0.01
2213,38,-3.3,10,3,1,0.01
2214,91,1.2,11,6,0,0.01
2215,22,2.1,7,1,0,0.01
2216,400,-3.3,13,109,0,0.01
2217,400,11.4,19,72,0,0.01
2218,400,13.7,19,4,0,0.01
2219,400,-6.7,10,85,0,0.01
2220,400,7.3,12,9,0,0.01
2221,16,0.0,5,2,0,0.01
2222,400,3.0,20,4,0,0.01
2223,25,1.9,7,0,0,0.01
2224,36,3.0,9,2,0,0.01
2225,32,-2.4,10,3,1,0.01
2226,23,6.6,12,1,0,0.01
2227,365,-5.0,10,21,1,0.01
2228,400,10.5,15,6,0,0.01
2229,45,10.4,16,3,0,0.01
2230,400,-4.5,19,2,0,0.01
2231,25,0.7,9,3,0,0.01
2232,400,18.8,19,1,0,0.01
2233,167,-4.3,11,5,0,0.01
2234,400,7.0,21,3,0,0.01
2235,400,11.7,15,2,0,0.01
2236,27,4.9,10,1,0,0.01
2237,25,5.8,11,0,0,0.01
2238,400,-8.9,14,0,0,0.01
2239,400,-8.9,10,6,0,0.01
2240,65,4.3,14,2,0,0.01
2241,43,10.7,18,0,0,0.01
2242,57,5.8,12,0,0,0.01
2243,400,9.7,12,2,0,0.01
2244,36,7.6,13,0,0,0.01
2245,400,8.4,16,45,0,0.01
2246,89,-0.8,8,4,0,0.01
2247,135,3.6,15,4,0,0.01
2248,32,4.6,10,2,0,0.01
2249,33,0.3,9,4,0,0.01
2250,400,3.9,10,47,0,0.01
2251,28,6.5,12,3,0,0.01
2252,17,-0.6,4,1,0,0.01
2253,400,-4.6,15,0,0,0.01
2254,400,-4.4,19,2,0,0.01
2255,400,8.8,21,6,0,0.01
2256,400,-6.5,17,2,0,0.01
2257,22,-2.0,8,0,1,0.01
2258,400,-8.9,14,2,0,0.01
2259,50,11.1,17,1,0,0.01
2260,103,11.0,22,4,0,0.01
2261,400,2.7,15,1,0,0.01
2262,38,8.1,14,0,0,0.01
2263,333,-14.3,13,5,1,0.01
2264,30,9.0,14,0,0,0.01
2265,400,-4.0,14,0,0,0.01
2266,22,3.9,9,1,0,0.01
2267,400,4.0,16,1,0,0.01
2268,400,3.6,10,8,0,0.01
2269,41,-0.7,9,5,0,0.01
2270,400,0.2,14,3,0,0.01
2271,22,1.9,7,2,0,0.01
2272,44,11.6,17,2,0,0.01
2273,400,-13.3,10,3,0,0.01
2274,27,3.8,9,0,0,0.01
2275,400,6.3,16,52,0,0.01
2276,400,-4.8,17,29,0,0.01
2277,20,0.8,6,1,0,0.01
2278,34,9.4,15,1,0,0.01
2279,27,6.0,11,1,0,0.01
2280,24,4.9,10,1,0,0.01
2281,32,2.6,11,6,0,0.01
2282,43,12.8,18,0,0,0.01
2283,26,4.7,10,2,0,0.01
2284,26,0.2,6,1,0,0.01
2285,45,8.2,14,0,0,0.01
2286,45,5.0,11,3,0,0.01
2287,27,3.5,9,0,0,0.01
2288,400,-5.4,14,5,0,0.01
2289,36,7.8,13,0,0,0.01
2290,11,-8.3,1,0,1,0.01
2291,24,1.9,7,2,0,0.01
2292,64,7.1,18,5,0,0.01
2293,400,-0.0,13,3,0,0.01
2294,36,4.9,11,0,0,0.01
2295,21,2.0,7,1,0,0.01
2296,400,2.6,19,153,0,0.01
2297,400,-12.2,7,146,0,0.01
2298,400,-2.9,14,65,0,0.01
2299,400,-19.4,6,6,0,0.01
2300,400,-1.7,16,0,0,0.01
2301,38,9.4,15,0,0,0.01
2302,21,2.4,8,2,0,0.01
2303,400,-11.4,11,5,0,0.01
2304,38,-0.5,9,3,0,0.01
2305,400,7.2,18,36,0,0.01
2306,25,7.2,12,0,0,0.01
2307,25,3.8,9,1,0,0.01
2308,400,-11.0,13,3,0,0.01
2309,400,6.7,15,23,0,0.01
2310,22,3.9,9,0,0,0.01
2311,365,2.0,16,29,1,0.01
2312,28,5.5,11,2,0,0.01
2313,30,4.0,9,0,0,0.01
2314,48,5.9,15,2,0,0.01
2315,52,7.2,13,0,0,0.01
2316,28,7.0,12,0,0,0.01
2317,25,-2.8,10,3,1,0.01
2318,26,4.4,10,1,0,0.01
2319,400,-14.7,10,5,0,0.01
2320,400,-5.7,14,2,0,0.01
2321,400,-4.3,16,16,0,0.01
2322,400,-2.2,19,1,0,0.01
2323,28,2.4,8,2,0,0.01
2324,400,-12.6,7,4,0,0.01
2325,400,6.0,17,4,0,0.01
2326,58,10.7,20,3,0,0.01
2327,107,9.4,22,7,0,0.01
2328,26,3.8,9,2,0,0.01
2329,25,3.7,9,0,0,0.01
2330,241,-1.1,16,10,0,0.01
2331,30,6.1,11,0,0,0.01
2332,400,12.3,20,34,0,0.01
2333,30,7.7,13,1,0,0.01
2334,83,5.5,17,5,0,0.01
2335,191,-3.4,9,1,0,0.01
2336,400,-13.2,11,6,0,0.01
2337,400,-0.9,18,2,0,0.01
2338,400,8.7,12,5,0,0.01
2339,285,0.3,14,13,1,0.01
2340,31,3.8,12,3,0,0.01
2341,19,1.7,9,2,0,0.01
2342,43,10.0,16,1,0,0.01
2343,51,6.8,13,5,0,0.01
2344,400,-7.3,13,5,0,0.01
2345,149,14.0,18,2,0,0.01
2346,400,-3.7,17,1,0,0.01
2347,91,6.4,17,4,0,0.01
2348,400,4.6,18,31,0,0.01
2349,400,-4.2,14,147,0,0.01
2350,51,0.7,11,5,0,0.01
2351,38,7.5,13,2,0,0.01
2352,400,-7.6,10,19,0,0.01
2353,396,-10.8,16,66,1,0.01
2354,35,0.8,9,4,0,0.01
2355,400,-6.5,17,3,0,0.01
2356,400,-6.3,12,4,0,0.01
2357,24,8.1,13,0,0,0.01
2358,400,21.1,23,5,0,0.01
2359,400,9.5,11,16,0,0.01
2360,400,-2.1,11,6,0,0.01
2361,400,-4.0,19,8,0,0.01
2362,18,2.4,7,0,0,0.01
2363,19,2.8,8,1,0,0.01
2364,37,7.2,12,0,0,0.01
2365,26,5.6,11,0,0,0.01
2366,36,8.0,13,0,0,0.01
2367,83,2.2,14,5,0,0.01
2368,400,-12.9,7,10,0,0.01
2369,260,0.1,14,3,1,0.01
2370,22,3.9,9,2,0,0.01
2371,15,0.2,5,1,0,0.01
2372,400,-11.7,12,5,0,0.01
2373,400,5.6,17,58,0,0.01
2374,28,5.0,10,2,0,0.01
2375,400,-5.0,18,4,0,0.01
2376,31,4.6,9,1,0,0.01
2377,400,-2.4,13,11,0,0.01
2378,31,1.8,7,1,0,0.01
2379,32,4.5,10,0,0,0.01
2380,37,8.1,14,0,0,0.01
2381,56,7.8,13,3,0,0.01
2382,400,-2.8,18,8,0,0.01
2383,35,8.7,14,3,0,0.01
2384,400,-14.1,9,4,0,0.01
2385,40,14.7,20,2,0,0.01
2386,400,-0.7,10,24,0,0.01
2387,400,-5.7,17,5,0,0.01
2388,400,-10.3,13,0,0,0.01
2389,29,2.8,8,0,0,0.01
2390,400,-3.1,15,4,0,0.01
2391,30,5.1,10,0,0,0.01
2392,40,12.4,18,1,0,0.01
2393,20,1.1,6,2,0,0.01
2394,400,12.5,16,2,0,0.01
2395,400,-11.5,12,5,0,0.01
2396,20,3.0,8,0,0,0.01
2397,42,7.6,13,0,0,0.01
2398,400,8.8,14,10,0,0.01
2399,30,-3.1,6,7,0,0.01
2400,27,4.8,10,0,0,0.01
2401,22,4.9,10,2,0,0.01
2402,376,-3.7,14,14,1,0.01
2403,34,4.7,10,4,0,0.01
2404,29,0.3,8,3,0,0.01
2405,400,-5.0,15,2,0,0.01
2406,211,5.5,18,3,1,0.01
2407,130,3.5,16,3,0,0.01
2408,400,10.5,16,4,0,0.01
2409,28,4.2,12,2,0,0.01
2410,400,2.8,12,44,0,0.01
2411,66,9.6,16,5,0,0.01
2412,37,4.2,13,6,0,0.01
2413,400,-12.8,10,0,0,0.01
2414,400,-7.1,15,6,0,0.01
2415,400,-8.6,15,2,0,0.01
2416,69,-1.7,11,6,1,0.01
2417,24,2.9,8,1,0,0.01
2418,132,1.7,15,4,0,0.01
2419,25,2.7,8,2,0,0.01
2420,256,-8.2,11,5,1,0.01
2421,23,4.0,9,1,0,0.01
2422,32,5.9,11,2,0,0.01
2423,35,8.6,14,1,0,0.01
2424,26,2.8,8,2,0,0.01
2425,21,-0.0,5,1,0,0.01
2426,28,7.7,13,0,0,0.01
2427,400,-11.4,12,6,0,0.01
2428,39,1.6,11,4,0,0.01
2429,31,6.2,12,1,0,0.01
2430,400,4.4,14,1,0,0.01
2431,47,4.0,12,1,0,0.01
2432,400,2.5,9,5,0,0.01
2433,400,8.0,13,17,0,0.01
2434,219,-9.3,14,4,1,0.01
2435,41,3.5,13,5,0,0.01
2436,26,-2.2,8,1,1,0.01
2437,400,19.3,21,6,0,0.01
2438,400,1.3,16,7,0,0.01
2439,27,-1.5,4,4,0,0.01
2440,400,-3.6,18,3,0,0.01
2441,23,1.2,10,6,0,0.01
2442,400,4.0,21,6,0,0.01
2443,400,-17.4,6,5,0,0.01
2444,400,14.4,20,2,0,0.01
2445,400,0.2,13,3,0,0.01
2446,400,7.4,22,80,0,0.01
2447,15,-1.5,4,4,0,0.01
2448,73,-3.8,8,10,0,0.01
2449,30,2.5,8,2,0,0.01
2450,24,2.1,10,4,0,0.01
2451,47,10.0,16,1,0,0.01
2452,20,4.1,9,0,0,0.01
2453,33,3.2,13,6,0,0.01
2454,28,2.6,8,2,0,0.01
2455,21,3.0,8,1,0,0.01
2456,400,-12.7,10,2,0,0.01
2457,400,-2.1,16,12,0,0.01
2458,400,-4.0,18,2,0,0.01
2459,24,3.1,8,1,0,0.01
2460,36,8.6,14,0,0,0.01
2461,400,-2.6,18,2,0,0.01
2462,400,13.2,15,2,0,0.01
2463,400,5.4,10,9,0,0.01
2464,400,16.9,19,2,0,0.01
2465,400,0.2,18,4,0,0.01
2466,400,-6.9,11,13,0,0.01
2467,37,6.5,12,1,0,0.01
2468,400,-14.9,9,3,0,0.01
2469,400,17.3,20,14,0,0.01
2470,400,-5.8,14,20,0,0.01
2471,41,1.0,10,7,0,0.01
2472,33,12.5,18,0,0,0.01
2473,400,-4.1,17,5,0,0.01
2474,22,4.9,10,0,0,0.01
2475,400,8.7,18,5,0,0.01
2476,81,3.5,15,6,0,0.01
2477,51,10.1,19,2,0,0.01
2478,49,9.3,17,1,0,0.01
2479,34,-1.1,10,3,1,0.01
2480,400,9.1,15,3,0,0.01
2481,400,8.7,13,4,0,0.01
2482,356,-6.9,14,67,1,0.01
2483,400,4.7,10,5,0,0.01
2484,400,-14.8,6,5,0,0.01
2485,400,-0.5,10,6,0,0.01
2486,34,5.5,11,2,0,0.01
2487,20,5.0,10,1,0,0.01
2488,41,1.4,11,6,0,0.01
2489,49,13.5,19,3,0,0.01
2490,400,9.2,13,1,0,0.01
2491,34,13.7,19,0,0,0.01
2492,400,2.6,11,6,0,0.01
2493,42,2.8,12,7,0,0.01
2494,400,20.1,25,2,0,0.01
2495,400,8.1,14,0,0,0.01
2496,44,12.2,18,0,0,0.01
2497,372,-15.2,14,6,0,0.01
2498,400,4.4,14,6,0,0.01
2499,30,0.4,9,4,0,0.01
2500,27,1.2,10,5,0,0.01
2501,400,-10.3,13,7,0,0.01
2502,77,5.6,17,4,0,0.01
2503,34,-7.0,7,11,1,0.01
2504,40,9.0,14,0,0,0.01
2505,400,-5.6,17,3,0,0.01
2506,25,6.9,12,1,0,0.01
2507,400,1.7,22,1,0,0.01
2508,35,3.3,8,1,0,0.01
2509,400,0.9,24,3,0,0.01
2510,25,2.1,7,1,0,0.01
2511,41,8.1,14,1,0,0.01
2512,39,1.6,11,6,0,0.01
2513,22,2.9,8,2,0,0.01
2514,400,-6.7,14,4,0,0.01
2515,40,8.2,14,0,0,0.01
2516,400,-1.2,18,10,0,0.01
2517,61,2.2,11,2,0,0.01
2518,33,5.3,11,2,0,0.01
2519,136,3.0,19,5,1,0.01
2520,24,2.4,8,2,0,0.01
2521,207,-13.3,11,4,1,0.01
2522,128,1.1,19,3,1,0.01
2523,400,-6.5,16,5,0,0.01
2524,65,9.7,20,3,0,0.01
2525,120,-5.0,10,7,1,0.01
2526,165,2.4,18,6,1,0.01
2527,186,-3.6,13,2,1,0.01
2528,22,2.7,8,2,0,0.01
2529,22,2.7,8,1,0,0.01
2530,48,13.4,19,0,0,0.01
2531,34,8.8,14,3,0,0.01
2532,400,-5.6,16,3,0,0.01
2533,400,-6.7,15,2,0,0.01
2534,75,7.4,18,5,0,0.01
2535,400,-3.0,18,4,0,0.01
2536,386,-4.7,14,0,1,0.01
2537,400,6.5,17,4,0,0.01
2538,400,11.7,19,0,0,0.01
2539,16,-1.0,4,2,0,0.01
2540,19,1.9,7,0,0,0.01
2541,40,7.5,13,0,0,0.01
2542,104,5.8,19,8,1,0.01
2543,91,4.9,17,0,1,0.01
2544,20,-0.1,5,2,0,0.01
2545,57,4.0,18,5,1,0.01
2546,29,7.7,13,2,0,0.01
2547,23,7.3,12,0,0,0.01
2548,400,-5.5,13,1,0,0.01
2549,400,-8.6,15,14,0,0.01
2550,23,-3.1,10,2,1,0.01
2551,64,1.8,14,4,1,0.01
2552,309,-9.5,8,16,1,0.01
2553,400,2.3,14,3,0,0.01
2554,17,-0.2,5,1,0,0.01
2555,400,-3.3,19,1,0,0.01
2556,59,-4.7,8,0,1,0.01
2557,400,-9.6,12,2,0,0.01
2558,400,6.8,17,1,0,0.01
2559,24,1.9,7,0,0,0.01
2560,26,5.9,11,1,0,0.01
2561,19,1.1,6,1,0,0.01
2562,54,1.8,13,7,0,0.01
2563,32,4.3,10,2,0,0.01
2564,400,1.5,11,3,0,0.01
2565,55,9.2,19,3,0,0.01
2566,93,4.1,17,3,1,0.01
2567,400,-7.7,15,1,0,0.01
2568,400,14.2,20,24,0,0.01
2569,400,-9.3,13,5,0,0.01
2570,30,3.3,9,1,0,0.01
2571,400,-8.7,14,5,0,0.01
2572,72,7.0,17,1,0,0.01
2573,22,4.8,10,2,0,0.01
2574,93,6.6,18,6,0,0.01
2575,400,6.6,16,2,0,0.01
2576,400,10.7,21,3,0,0.01
2577,400,2.4,15,79,0,0.01
2578,28,4.1,10,2,0,0.01
2579,30,6.9,12,0,0,0.01
2580,400,-2.3,20,2,0,0.01
2581,400,-11.5,10,7,0,0.01
2582,31,0.2,8,4,0,0.01
2583,400,5.4,11,22,0,0.01
2584,28,3.0,8,0,0,0.01
2585,40,4.5,10,2,0,0.01
2586,23,7.3,12,0,0,0.01
2587,400,-1.5,21,3,0,0.01
2588,400,-9.0,12,3,0,0.01
2589,22,4.7,10,2,0,0.01
2590,400,-0.2,19,3,0,0.01
2591,400,-10.2,13,3,0,0.01
2592,400,3.7,14,4,0,0.01
2593,400,8.7,15,4,0,0.01
2594,400,3.3,11,3,0,0.01
2595,24,5.9,11,0,0,0.01
2596,34,4.5,13,3,0,0.01
2597,18,4.1,9,0,0,0.01
2598,400,-1.5,21,3,0,0.01
2599,400,8.5,14,23,0,0.01
2600,52,1.7,13,5,1,0.01
2601,400,-2.3,12,1,0,0.01
2602,31,4.6,10,3,0,0.01
2603,400,-0.2,12,4,0,0.01
2604,36,9.5,15,0,0,0.01
2605,45,1.7,10,4,0,0.01
2606,23,3.9,9,0,0,0.01
2607,400,12.1,16,4,0,0.01
2608,24,3.9,9,2,0,0.01
2609,400,10.1,14,20,0,0.01
2610,400,-17.6,5,3,0,0.01
2611,42,12.6,18,0,0,0.01
2612,25,2.5,8,1,0,0.01
2613,23,-1.0,7,2,0,0.01
2614,51,15.7,21,0,0,0.01
2615,49,12.5,18,0,0,0.01
2616,231,-5.6,18,5,1,0.01
2617,20,3.0,8,0,0,0.01
2618,71,7.6,17,4,0,0.01
2619,400,8.1,15,3,0,0.01
2620,26,5.1,10,2,0,0.01
2621,343,-13.1,17,4,1,0.01
2622,400,0.8,10,7,0,0.01
2623,37,8.2,14,1,0,0.01
2624,162,-1.6,12,5,0,0.01
2625,400,4.2,13,3,0,0.01
2626,400,9.3,16,5,0,0.01
2627,18,-0.8,4,2,0,0.01
2628,49,6.6,17,3,0,0.01
2629,400,-11.1,11,1,0,0.01
2630,400,-6.9,13,6,0,0.01
2631,400,-10.6,11,2,0,0.01
2632,400,-12.1,11,5,0,0.01
2633,400,2.3,11,4,0,0.01
2634,400,7.6,17,3,0,0.01
2635,48,7.9,18,0,1,0.01
2636,400,-5.7,18,5,0,0.01
2637,400,0.3,9,1,0,0.01
2638,45,10.2,15,0,0,0.01
2639,35,-1.5,7,5,0,0.01
2640,30,3.4,9,0,0,0.01
2641,107,-2.1,10,8,0,0.01
2642,400,4.2,13,3,0,0.01
2643,49,9.8,16,0,0,0.01
2644,400,12.0,15,0,0,0.01
2645,28,4.1,9,0,0,0.01
2646,400,-5.0,18,2,0,0.01
2647,51,4.3,11,4,0,0.01
2648,20,-0.4,7,4,0,0.01
2649,38,10.5,16,0,0,0.01
2650,400,-6.9,15,2,0,0.01
2651,400,-6.0,11,4,0,0.01
2652,400,-2.4,19,2,0,0.01
2653,32,3.0,11,4,0,0.01
2654,21,3.8,9,0,0,0.01
2655,55,19.7,25,0,0,0.01
2656,394,-23.7,13,3,1,0.01
2657,400,-9.9,12,5,0,0.01
2658,400,-7.8,11,5,0,0.01
2659,22,3.1,8,2,0,0.01
2660,25,4.8,10,3,0,0.01
2661,22,3.9,9,2,0,0.01
2662,400,-2.3,16,4,0,0.01
2663,23,2.6,8,1,0,0.01
2664,17,2.3,7,0,0,0.01
2665,400,-12.4,10,2,0,0.01
2666,28,3.6,9,2,0,0.01
2667,400,-9.6,14,5,0,0.01
2668,400,-7.1,16,0,0,0.01
2669,138,-4.9,9,6,0,0.01
2670,400,-7.9,12,2,0,0.01
2671,42,10.5,16,2,0,0.01
2672,104,-1.2,16,3,1,0.01
2673,109,7.0,19,3,0,0.01
2674,24,5.9,11,0,0,0.01
2675,37,6.7,12,1,0,0.01
2676,400,14.4,18,2,0,0.01
2677,26,6.7,12,0,0,0.01
2678,29,8.8,14,1,0,0.01
2679,24,2.1,9,0,0,0.01
2680,33,6.1,11,2,0,0.01
2681,45,10.8,17,1,0,0.01
2682,26,1.7,7,0,0,0.01
2683,36,5.7,11,0,0,0.01
2684,400,5.0,11,3,0,0.01
2685,61,2.9,11,3,0,0.01
2686,27,-1.2,7,5,0,0.01
2687,400,0.4,17,19,0,0.01
2688,21,0.7,6,1,0,0.01
2689,400,9.2,15,1,0,0.01
2690,400,-2.4,20,1,0,0.01
2691,400,7.3,14,4,0,0.01
2692,192,8.3,22,4,0,0.01
2693,400,-6.2,13,1,0,0.01
2694,88,5.2,17,4,0,0.01
2695,36,6.3,11,1,0,0.01
2696,33,-2.2,4,1,0,0.01
2697,43,6.2,12,5,0,0.01
2698,22,2.6,8,2,0,0.01
2699,40,5.8,11,1,0,0.01
2700,380,-14.5,13,2,1,0.01
2701,32,6.9,12,2,0,0.01
2702,42,0.2,10,6,0,0.01
2703,400,-9.2,13,2,0,0.01
2704,400,-7.3,12,6,0,0.01
2705,24,3.7,9,0,0,0.01
2706,26,6.9,12,0,0,0.01
2707,29,5.8,11,1,0,0.01
2708,400,14.2,19,8,0,0.01
2709,400,-10.8,12,1,0,0.01
2710,25,7.0,12,1,0,0.01
2711,400,-14.3,9,2,0,0.01
2712,400,-7.6,14,4,0,0.01
2713,26,5.2,10,0,0,0.01
2714,400,11.1,23,3,0,0.01
2715,400,-12.5,11,3,0,0.01
2716,14,-1.8,3,2,0,0.01
2717,70,1.8,12,4,0,0.01
2718,31,6.1,12,2,0,0.01
2719,173,-1.3,12,0,1,0.01
2720,400,-3.0,17,0,0,0.01
2721,116,0.0,13,14,0,0.01
2722,400,-0.7,14,9,0,0.01
2723,29,2.5,8,3,0,0.01
2724,79,3.3,13,3,0,0.01
2725,17,-2.2,3,1,0,0.01
2726,26,4.7,10,2,0,0.01
2727,34,10.0,15,0,0,0.01
2728,25,-2.4,7,5,0,0.01
2729,181,-5.7,9,3,0,0.01
2730,400,9.7,22,3,0,0.01
2731,121,-1.6,11,4,0,0.01
2732,15,-5.1,5,0,1,0.01
2733,400,-0.6,19,1,0,0.01
2734,25,0.1,9,5,0,0.01
2735,89,12.0,20,4,0,0.01
2736,291,-3.2,11,1,1,0.01
2737,53,3.3,12,2,0,0.01
2738,165,0.1,14,1,1,0.01
2739,400,-4.2,18,0,0,0.01
2740,33,1.5,11,3,0,0.01
2741,400,-4.0,15,0,0,0.01
2742,400,12.3,18,2,0,0.01
2743,43,6.4,12,5,0,0.01
2744,24,1.1,6,1,0,0.01
2745,400,-7.3,13,4,0,0.01
2746,400,-3.0,17,4,0,0.01
2747,400,-3.7,18,1,0,0.01
2748,45,1.5,10,6,0,0.01
2749,400,14.1,19,27,0,0.01
2750,45,11.7,17,1,0,0.01
2751,60,4.6,11,3,0,0.01
2752,49,5.7,12,5,0,0.01
2753,29,5.7,11,1,0,0.01
2754,23,5.2,10,1,0,0.01
2755,400,-9.4,13,2,0,0.01
2756,26,5.5,11,0,0,0.01
2757,400,-9.4,13,2,0,0.01
2758,20,3.4,9,4,0,0.01
2759,400,11.0,13,4,0,0.01
2760,400,7.4,16,1,0,0.01
2761,110,4.4,15,4,0,0.01
2762,26,2.1,8,4,0,0.01
2763,400,-3.1,13,1,0,0.01
2764,400,6.9,18,2,0,0.01
2765,35,5.2,16,2,1,0.01
2766,38,9.2,15,2,0,0.01
2767,24,6.1,11,0,0,0.01
2768,400,7.2,14,45,0,0.01
2769,112,-0.6,16,7,1,0.01
2770,400,-1.3,17,4,0,0.01
2771,400,-11.1,13,1,0,0.01
2772,49,6.2,12,3,0,0.01
2773,35,-0.2,8,6,0,0.01
2774,25,2.7,8,0,0,0.01
2775,27,3.8,9,1,0,0.01
2776,54,13.2,19,2,0,0.01
2777,400,-3.5,17,3,0,0.01
2778,29,2.5,8,1,0,0.01
2779,33,6.2,14,2,0,0.01
2780,53,1.9,12,5,0,0.01
2781,53,8.5,18,4,0,0.01
2782,19,3.6,9,0,0,0.01
2783,66,7.4,14,2,0,0.01
2784,400,14.1,22,8,0,0.01
2785,400,8.9,17,3,0,0.01
2786,400,-5.3,13,2,0,0.01
2787,29,6.0,11,1,0,0.01
2788,28,4.0,9,2,0,0.01
2789,35,3.6,12,4,0,0.01
2790,30,-4.1,7,0,1,0.01
2791,400,6.2,17,16,0,0.01
2792,400,-3.9,18,5,0,0.01
2793,400,11.3,16,29,0,0.01
2794,400,-12.3,10,5,0,0.01
2795,18,0.7,6,2,0,0.01
2796,400,5.1,9,0,0,0.01
2797,400,-1.8,18,3,0,0.01
2798,400,-5.0,17,8,0,0.01
2799,19,5.0,10,0,0,0.01
2800,21,4.2,9,1,0,0.01
2801,400,-5.8,13,1,0,0.01
2802,400,12.5,17,7,0,0.01
2803,17,1.3,6,1,0,0.01
2804,400,9.3,17,4,0,0.01
2805,400,-5.0,16,0,0,0.01
2806,15,-3.0,5,3,0,0.01
2807,100,-5.3,8,2,1,0.01
2808,400,18.8,22,0,0,0.01
2809,47,4.5,14,4,0,0.01
2810,30,6.2,11,0,0,0.01
2811,24,6.2,11,0,0,0.01
2812,74,5.7,16,5,0,0.01
2813,400,-5.3,16,3,0,0.01
2814,400,-10.4,12,0,0,0.01
2815,400,-11.6,11,2,0,0.01
2816,129,-3.6,11,0,1,0.01
2817,31,9.1,14,0,0,0.01
2818,46,-1.3,12,2,1,0.01
2819,400,8.5,20,57,0,0.01
2820,400,-13.0,11,1,0,0.01
2821,400,-3.1,19,3,0,0.01
2822,32,6.0,11,0,0,0.01
2823,28,4.7,10,1,0,0.01
2824,400,-7.6,14,2,0,0.01
2825,400,6.9,14,2,0,0.01
2826,400,-9.1,13,2,0,0.01
2827,34,6.7,12,0,0,0.01
2828,22,2.2,7,0,0,0.01
2829,40,7.0,13,4,0,0.01
2830,29,8.7,14,1,0,0.01
2831,29,6.2,11,1,0,0.01
2832,39,4.4,14,3,0,0.01
2833,17,0.1,5,1,0,0.01
2834,101,0.7,13,5,1,0.01
2835,400,-5.7,17,2,0,0.01
2836,44,0.7,10,6,0,0.01
2837,220,-6.5,14,73,1,0.01
2838,24,2.0,7,2,0,0.01
2839,400,10.2,16,4,0,0.01
2840,22,0.8,8,1,0,0.01
2841,181,-1.5,15,3,1,0.01
2842,34,9.4,15,1,0,0.01
2843,32,6.7,12,2,0,0.01
2844,400,-3.7,14,5,0,0.01
2845,26,5.9,11,0,0,0.01
2846,67,0.1,11,7,0,0.01
2847,30,6.6,14,0,0,0.01
2848,30,7.0,12,0,0,0.01
2849,400,8.8,13,15,0,0.01
2850,400,8.5,18,1,0,0.01
2851,36,4.4,10,3,0,0.01
2852,26,5.1,10,0,0,0.01
2853,18,1.0,6,1,0,0.01
2854,386,-14.1,7,19,1,0.01
2855,400,11.2,18,26,0,0.01
2856,400,-7.8,14,0,0,0.01
2857,400,-10.5,11,5,0,0.01
2858,400,5.5,14,27,0,0.01
2859,400,12.6,21,35,0,0.01
2860,400,-1.1,8,14,0,0.01
2861,27,-0.2,12,2,1,0.01
2862,30,5.7,11,0,0,0.01
2863,32,6.8,12,2,0,0.01
2864,31,7.0,12,2,0,0.01
2865,35,3.6,13,4,0,0.01
2866,400,6.0,15,27,0,0.01
2867,400,0.5,10,36,0,0.01
2868,33,8.1,13,1,0,0.01
2869,26,6.1,11,0,0,0.01
2870,400,4.6,14,8,0,0.01
2871,26,2.9,8,2,0,0.01
2872,400,-1.9,14,2,0,0.01
2873,400,-4.6,15,6,0,0.01
2874,26,5.0,10,2,0,0.01
2875,43,1.9,16,4,1,0.01
2876,36,7.5,12,2,0,0.01
2877,400,5.6,15,30,0,0.01
2878,400,-9.6,14,1,0,0.01
2879,400,-4.5,17,4,0,0.01
2880,400,-3.3,16,5,0,0.01
2881,25,2.6,11,4,0,0.01
2882,17,-1.0,4,1,0,0.01
2883,400,-12.0,10,6,0,0.01
2884,22,2.8,8,2,0,0.01
2885,23,1.1,6,0,0,0.01
2886,400,-13.6,10,4,0,0.01
2887,28,3.6,9,2,0,0.01
2888,214,-5.1,18,5,1,0.01
2889,400,-9.6,9,3,0,0.01
2890,47,5.5,11,1,0,0.01
2891,39,4.8,10,1,0,0.01
2892,32,3.6,9,0,0,0.01
2893,24,-0.1,5,2,0,0.01
2894,400,-3.3,12,77,0,0.01
2895,111,-0.6,16,37,1,0.01
2896,400,9.1,15,10,0,0.01
2897,32,10.6,16,2,0,0.01
2898,17,0.3,5,1,0,0.01
2899,41,7.2,14,4,0,0.01
2900,53,6.7,15,3,0,0.01
2901,400,5.3,14,42,0,0.01
2902,115,3.5,13,7,0,0.01
2903,400,-4.6,13,24,0,0.01
2904,28,1.5,9,5,0,0.01
2905,17,1.9,7,1,0,0.01
2906,35,4.3,10,5,0,0.01
2907,24,1.4,10,4,0,0.01
2908,400,-8.5,15,5,0,0.01
2909,39,2.3,8,2,0,0.01
2910,32,6.8,12,0,0,0.01
2911,381,-8.8,9,64,1,0.01
2912,29,5.7,11,0,0,0.01
2913,400,6.5,15,5,0,0.01
2914,51,2.2,11,4,0,0.01
2915,16,-0.3,5,2,0,0.01
2916,400,0.6,21,4,0,0.01
2917,23,1.9,10,4,0,0.01
2918,18,2.0,10,3,0,0.01
2919,24,2.5,8,2,0,0.01
2920,274,-1.9,20,84,1,0.01
2921,28,4.1,9,0,0,0.01
2922,400,3.7,26,1,0,0.01
2923,106,6.0,16,2,0,0.01
2924,27,3.1,8,1,0,0.01
2925,32,5.3,10,1,0,0.01
2926,46,9.8,16,1,0,0.01
2927,105,1.5,14,4,0,0.01
2928,47,4.5,11,0,0,0.01
2929,50,10.5,16,0,0,0.01
2930,306,-6.5,12,44,1,0.01
2931,400,-3.1,17,1,0,0.01
2932,256,-3.8,18,100,1,0.01
2933,400,-7.0,14,8,0,0.01
2934,400,-2.7,17,75,0,0.01
2935,400,-4.5,14,11,0,0.01
2936,36,4.4,10,3,0,0.01
2937,326,-15.9,14,6,1,0.01
2938,400,3.0,12,15,0,0.01
2939,34,10.8,16,2,0,0.01
2940,400,2.4,16,17,0,0.01
2941,22,2.0,7,2,0,0.01
2942,400,-13.6,8,2,0,0.01
2943,18,0.2,5,2,0,0.01
2944,400,-2.6,19,3,0,0.01
2945,35,2.7,8,3,0,0.01
2946,400,0.5,11,95,0,0.01
2947,104,3.6,13,3,0,0.01
2948,38,7.6,13,2,0,0.01
2949,124,-6.6,9,21,1,0.01
2950,400,-10.3,11,4,0,0.01
2951,400,-9.9,10,3,0,0.01
2952,400,-3.8,17,16,0,0.01
2953,400,-10.2,14,4,0,0.01
2954,80,0.1,12,7,1,0.01
2955,151,7.7,19,2,0,0.01
2956,46,2.6,12,7,0,0.01
2957,20,-0.2,5,2,0,0.01
2958,48,5.9,14,7,0,0.01
2959,28,5.7,11,2,0,0.01
2960,37,9.4,15,1,0,0.01
2961,27,3.9,9,1,0,0.01
2962,400,-9.5,13,5,0,0.01
2963,21,2.8,8,1,0,0.01
2964,35,7.3,13,0,0,0.01
2965,23,4.1,9,0,0,0.01
2966,400,-6.0,14,4,0,0.01
2967,57,3.2,13,8,0,0.01
2968,227,-5.5,14,2,1,0.01
2969,400,-4.8,18,3,0,0.01
2970,27,2.8,8,1,0,0.01
2971,55,11.3,17,3,0,0.01
2972,37,5.8,11,1,0,0.01
2973,400,-8.1,14,3,0,0.01
2974,52,2.7,13,6,0,0.01
2975,46,10.7,16,2,0,0.01
2976,400,3.8,16,110,0,0.01
2977,40,8.0,13,0,0,0.01
2978,400,-12.3,11,1,0,0.01
2979,24,0.6,6,2,0,0.01
2980,22,-0.4,5,2,0,0.01
2981,26,3.4,11,2,0,0.01
2982,18,3.8,9,0,0,0.01
2983,36,-0.0,6,4,0,0.01
2984,62,2.2,14,0,1,0.01
2985,40,11.8,17,0,0,0.01
2986,68,3.2,15,4,1,0.01
2987,24,-1.8,7,6,0,0.01
2988,22,1.0,6,2,0,0.01
2989,134,-1.6,10,6,0,0.01
2990,54,3.7,9,1,0,0.01
2991,28,4.8,10,2,0,0.01
2992,400,9.8,14,35,0,0.01
2993,75,-2.1,10,11,0,0.01
2994,103,-2.4,12,7,1,0.01
2995,37,3.7,13,8,0,0.01
2996,20,1.1,6,2,0,0.01
2997,40,9.2,18,4,0,0.01
2998,24,1.9,7,1,0,0.01
2999,38,8.6,14,2,0,0.01
3000,400,7.1,17,77,0,0.01
