seed,round,task,agent_name,score,coins,kills,self_kill,steps_survived,invalid_actions,round_total_coins,round_total_kills,round_total_suicides,opponent_scores,max_opponent_score,score_margin,win,tie,loss,survived,died,fallback_steps,optimistic_fallback_steps,coin_preference_steps
35000,0,4,our_agent,13,3,2,0,400,2,8,2,1,"{""rule_based_agent_0"": 1, ""rule_based_agent_1"": 2, ""rule_based_agent_2"": 2}",2,11,1,0,0,1,0,0,0,0
35001,1,4,our_agent,7,2,1,0,400,0,9,1,1,"{""rule_based_agent_0"": 3, ""rule_based_agent_1"": 2, ""rule_based_agent_2"": 2}",3,4,1,0,0,1,0,0,0,0
35002,2,4,our_agent,2,2,0,0,400,2,9,0,2,"{""rule_based_agent_0"": 1, ""rule_based_agent_1"": 3, ""rule_based_agent_2"": 3}",3,-1,0,0,1,1,0,0,0,0
35003,3,4,our_agent,1,1,0,0,400,0,8,1,1,"{""rule_based_agent_0"": 2, ""rule_based_agent_1"": 9, ""rule_based_agent_2"": 1}",9,-8,0,0,1,1,0,0,0,0
35004,4,4,our_agent,1,1,0,0,400,0,9,0,1,"{""rule_based_agent_0"": 2, ""rule_based_agent_1"": 2, ""rule_based_agent_2"": 4}",4,-3,0,0,1,1,0,0,0,0
35005,5,4,our_agent,8,3,1,0,400,0,9,1,1,"{""rule_based_agent_0"": 3, ""rule_based_agent_1"": 1, ""rule_based_agent_2"": 2}",3,5,1,0,0,1,0,0,0,0
35006,6,4,our_agent,2,2,0,0,400,0,9,0,0,"{""rule_based_agent_0"": 2, ""rule_based_agent_1"": 4, ""rule_based_agent_2"": 1}",4,-2,0,0,1,1,0,0,0,0
35007,7,4,our_agent,5,5,0,0,400,0,9,0,1,"{""rule_based_agent_0"": 0, ""rule_based_agent_1"": 1, ""rule_based_agent_2"": 3}",3,2,1,0,0,1,0,0,0,0
35008,8,4,our_agent,7,2,1,0,400,0,9,1,1,"{""rule_based_agent_0"": 2, ""rule_based_agent_1"": 2, ""rule_based_agent_2"": 3}",3,4,1,0,0,1,0,0,0,0
35009,9,4,our_agent,3,3,0,0,400,0,9,1,1,"{""rule_based_agent_0"": 2, ""rule_based_agent_1"": 2, ""rule_based_agent_2"": 7}",7,-4,0,0,1,1,0,0,0,0
35010,10,4,our_agent,4,4,0,0,400,0,9,0,2,"{""rule_based_agent_0"": 0, ""rule_based_agent_1"": 2, ""rule_based_agent_2"": 3}",3,1,1,0,0,1,0,0,0,0
35011,11,4,our_agent,0,0,0,0,74,0,9,2,0,"{""rule_based_agent_0"": 12, ""rule_based_agent_1"": 5, ""rule_based_agent_2"": 2}",12,-12,0,0,1,0,1,4,0,0
35012,12,4,our_agent,4,4,0,0,400,0,9,0,1,"{""rule_based_agent_0"": 2, ""rule_based_agent_1"": 2, ""rule_based_agent_2"": 1}",2,2,1,0,0,1,0,0,0,0
35013,13,4,our_agent,8,3,1,0,400,0,9,1,1,"{""rule_based_agent_0"": 2, ""rule_based_agent_1"": 2, ""rule_based_agent_2"": 2}",2,6,1,0,0,1,0,0,0,0
35014,14,4,our_agent,3,3,0,0,400,0,9,0,1,"{""rule_based_agent_0"": 1, ""rule_based_agent_1"": 2, ""rule_based_agent_2"": 3}",3,0,0,1,0,1,0,0,0,0
35015,15,4,our_agent,2,2,0,0,400,0,9,0,1,"{""rule_based_agent_0"": 0, ""rule_based_agent_1"": 3, ""rule_based_agent_2"": 4}",4,-2,0,0,1,1,0,0,0,0
35016,16,4,our_agent,5,0,1,0,400,0,9,1,1,"{""rule_based_agent_0"": 4, ""rule_based_agent_1"": 2, ""rule_based_agent_2"": 3}",4,1,1,0,0,1,0,0,0,0
35017,17,4,our_agent,8,3,1,0,400,0,9,1,1,"{""rule_based_agent_0"": 2, ""rule_based_agent_1"": 2, ""rule_based_agent_2"": 2}",2,6,1,0,0,1,0,0,0,0
35018,18,4,our_agent,2,2,0,0,400,0,9,0,2,"{""rule_based_agent_0"": 3, ""rule_based_agent_1"": 1, ""rule_based_agent_2"": 3}",3,-1,0,0,1,1,0,0,0,0
35019,19,4,our_agent,0,0,0,0,400,1,9,0,1,"{""rule_based_agent_0"": 1, ""rule_based_agent_1"": 4, ""rule_based_agent_2"": 4}",4,-4,0,0,1,1,0,0,0,0
35020,20,4,our_agent,3,3,0,0,400,1,9,0,2,"{""rule_based_agent_0"": 2, ""rule_based_agent_1"": 1, ""rule_based_agent_2"": 3}",3,0,0,1,0,1,0,0,0,0
35021,21,4,our_agent,1,1,0,0,400,1,9,1,0,"{""rule_based_agent_0"": 4, ""rule_based_agent_1"": 1, ""rule_based_agent_2"": 8}",8,-7,0,0,1,1,0,0,0,0
35022,22,4,our_agent,2,2,0,0,400,1,9,0,1,"{""rule_based_agent_0"": 4, ""rule_based_agent_1"": 1, ""rule_based_agent_2"": 2}",4,-2,0,0,1,1,0,1,0,0
35023,23,4,our_agent,3,3,0,0,400,0,9,1,0,"{""rule_based_agent_0"": 2, ""rule_based_agent_1"": 3, ""rule_based_agent_2"": 6}",6,-3,0,0,1,1,0,0,0,0
35024,24,4,our_agent,3,3,0,0,159,0,9,3,2,"{""rule_based_agent_0"": 6, ""rule_based_agent_1"": 2, ""rule_based_agent_2"": 13}",13,-10,0,0,1,0,1,4,0,0
35025,25,4,our_agent,4,4,0,0,400,2,9,0,2,"{""rule_based_agent_0"": 3, ""rule_based_agent_1"": 1, ""rule_based_agent_2"": 1}",3,1,1,0,0,1,0,0,0,0
35026,26,4,our_agent,5,5,0,0,400,1,9,1,1,"{""rule_based_agent_0"": 1, ""rule_based_agent_1"": 5, ""rule_based_agent_2"": 3}",5,0,0,1,0,1,0,0,0,0
35027,27,4,our_agent,2,2,0,0,400,0,9,0,1,"{""rule_based_agent_0"": 3, ""rule_based_agent_1"": 1, ""rule_based_agent_2"": 3}",3,-1,0,0,1,1,0,0,0,0
35028,28,4,our_agent,1,1,0,0,95,0,9,2,2,"{""rule_based_agent_0"": 7, ""rule_based_agent_1"": 7, ""rule_based_agent_2"": 4}",7,-6,0,0,1,0,1,4,0,0
35029,29,4,our_agent,2,2,0,0,400,0,9,0,2,"{""rule_based_agent_0"": 2, ""rule_based_agent_1"": 1, ""rule_based_agent_2"": 4}",4,-2,0,0,1,1,0,0,0,0
35030,30,4,our_agent,9,4,1,0,400,0,9,1,1,"{""rule_based_agent_0"": 0, ""rule_based_agent_1"": 1, ""rule_based_agent_2"": 4}",4,5,1,0,0,1,0,0,0,0
35031,31,4,our_agent,3,3,0,0,400,0,9,0,2,"{""rule_based_agent_0"": 2, ""rule_based_agent_1"": 3, ""rule_based_agent_2"": 1}",3,0,0,1,0,1,0,0,0,0
35032,32,4,our_agent,2,2,0,0,400,0,9,0,2,"{""rule_based_agent_0"": 3, ""rule_based_agent_1"": 2, ""rule_based_agent_2"": 2}",3,-1,0,0,1,1,0,1,0,0
35033,33,4,our_agent,2,2,0,0,400,0,9,1,0,"{""rule_based_agent_0"": 1, ""rule_based_agent_1"": 8, ""rule_based_agent_2"": 3}",8,-6,0,0,1,1,0,0,0,0
35034,34,4,our_agent,2,2,0,0,400,1,9,0,2,"{""rule_based_agent_0"": 5, ""rule_based_agent_1"": 1, ""rule_based_agent_2"": 1}",5,-3,0,0,1,1,0,0,0,0
35035,35,4,our_agent,4,4,0,0,400,0,9,0,2,"{""rule_based_agent_0"": 1, ""rule_based_agent_1"": 2, ""rule_based_agent_2"": 2}",2,2,1,0,0,1,0,0,0,0
35036,36,4,our_agent,1,1,0,0,400,1,9,0,1,"{""rule_based_agent_0"": 2, ""rule_based_agent_1"": 2, ""rule_based_agent_2"": 4}",4,-3,0,0,1,1,0,0,0,0
35037,37,4,our_agent,3,3,0,0,400,0,9,0,1,"{""rule_based_agent_0"": 1, ""rule_based_agent_1"": 3, ""rule_based_agent_2"": 2}",3,0,0,1,0,1,0,0,0,0
35038,38,4,our_agent,3,3,0,0,193,1,7,1,3,"{""rule_based_agent_0"": 7, ""rule_based_agent_1"": 1, ""rule_based_agent_2"": 1}",7,-4,0,0,1,0,1,4,0,0
35039,39,4,our_agent,4,4,0,0,400,0,8,1,1,"{""rule_based_agent_0"": 6, ""rule_based_agent_1"": 2, ""rule_based_agent_2"": 1}",6,-2,0,0,1,1,0,0,0,0
35040,40,4,our_agent,7,2,1,0,313,1,9,2,0,"{""rule_based_agent_0"": 1, ""rule_based_agent_1"": 7, ""rule_based_agent_2"": 4}",7,0,0,1,0,0,1,3,0,0
35041,41,4,our_agent,1,1,0,0,400,0,9,0,1,"{""rule_based_agent_0"": 1, ""rule_based_agent_1"": 3, ""rule_based_agent_2"": 4}",4,-3,0,0,1,1,0,0,0,0
35042,42,4,our_agent,5,0,1,0,400,0,9,1,0,"{""rule_based_agent_0"": 3, ""rule_based_agent_1"": 2, ""rule_based_agent_2"": 4}",4,1,1,0,0,1,0,0,0,0
35043,43,4,our_agent,2,2,0,0,400,1,9,1,1,"{""rule_based_agent_0"": 3, ""rule_based_agent_1"": 1, ""rule_based_agent_2"": 8}",8,-6,0,0,1,1,0,0,0,0
35044,44,4,our_agent,3,3,0,0,400,0,9,2,0,"{""rule_based_agent_0"": 9, ""rule_based_agent_1"": 6, ""rule_based_agent_2"": 1}",9,-6,0,0,1,1,0,0,0,0
35045,45,4,our_agent,0,0,0,0,400,0,9,0,1,"{""rule_based_agent_0"": 3, ""rule_based_agent_1"": 3, ""rule_based_agent_2"": 3}",3,-3,0,0,1,1,0,0,0,0
35046,46,4,our_agent,2,2,0,0,400,0,9,0,1,"{""rule_based_agent_0"": 1, ""rule_based_agent_1"": 3, ""rule_based_agent_2"": 3}",3,-1,0,0,1,1,0,0,0,0
35047,47,4,our_agent,2,2,0,0,400,0,9,0,1,"{""rule_based_agent_0"": 4, ""rule_based_agent_1"": 1, ""rule_based_agent_2"": 2}",4,-2,0,0,1,1,0,0,0,0
35048,48,4,our_agent,0,0,0,0,400,0,9,0,1,"{""rule_based_agent_0"": 4, ""rule_based_agent_1"": 3, ""rule_based_agent_2"": 2}",4,-4,0,0,1,1,0,0,0,0
35049,49,4,our_agent,4,4,0,0,400,0,9,1,1,"{""rule_based_agent_0"": 1, ""rule_based_agent_1"": 3, ""rule_based_agent_2"": 6}",6,-2,0,0,1,1,0,0,0,0
35050,50,4,our_agent,2,2,0,0,326,0,8,1,1,"{""rule_based_agent_0"": 2, ""rule_based_agent_1"": 6, ""rule_based_agent_2"": 3}",6,-4,0,0,1,0,1,3,0,0
35051,51,4,our_agent,10,5,1,0,400,0,9,1,0,"{""rule_based_agent_0"": 3, ""rule_based_agent_1"": 0, ""rule_based_agent_2"": 1}",3,7,1,0,0,1,0,0,0,0
35052,52,4,our_agent,3,3,0,0,400,1,9,0,1,"{""rule_based_agent_0"": 2, ""rule_based_agent_1"": 2, ""rule_based_agent_2"": 2}",2,1,1,0,0,1,0,0,0,0
35053,53,4,our_agent,8,3,1,0,400,0,9,1,1,"{""rule_based_agent_0"": 3, ""rule_based_agent_1"": 1, ""rule_based_agent_2"": 2}",3,5,1,0,0,1,0,0,0,0
35054,54,4,our_agent,3,3,0,0,400,0,9,0,1,"{""rule_based_agent_0"": 2, ""rule_based_agent_1"": 2, ""rule_based_agent_2"": 2}",2,1,1,0,0,1,0,0,0,0
35055,55,4,our_agent,0,0,0,0,400,0,8,1,2,"{""rule_based_agent_0"": 1, ""rule_based_agent_1"": 5, ""rule_based_agent_2"": 7}",7,-7,0,0,1,1,0,0,0,0
35056,56,4,our_agent,2,2,0,0,400,0,9,0,1,"{""rule_based_agent_0"": 2, ""rule_based_agent_1"": 1, ""rule_based_agent_2"": 4}",4,-2,0,0,1,1,0,0,0,0
35057,57,4,our_agent,8,3,1,0,400,0,9,1,2,"{""rule_based_agent_0"": 2, ""rule_based_agent_1"": 2, ""rule_based_agent_2"": 2}",2,6,1,0,0,1,0,0,0,0
35058,58,4,our_agent,2,2,0,0,400,0,9,0,2,"{""rule_based_agent_0"": 5, ""rule_based_agent_1"": 1, ""rule_based_agent_2"": 1}",5,-3,0,0,1,1,0,0,0,0
35059,59,4,our_agent,4,4,0,0,400,0,9,0,2,"{""rule_based_agent_0"": 1, ""rule_based_agent_1"": 0, ""rule_based_agent_2"": 4}",4,0,0,1,0,1,0,0,0,0
35060,60,4,our_agent,4,4,0,0,400,1,9,0,2,"{""rule_based_agent_0"": 1, ""rule_based_agent_1"": 4, ""rule_based_agent_2"": 0}",4,0,0,1,0,1,0,0,0,0
35061,61,4,our_agent,4,4,0,0,400,0,9,0,1,"{""rule_based_agent_0"": 2, ""rule_based_agent_1"": 0, ""rule_based_agent_2"": 3}",3,1,1,0,0,1,0,0,0,0
35062,62,4,our_agent,2,2,0,0,400,0,9,0,1,"{""rule_based_agent_0"": 2, ""rule_based_agent_1"": 3, ""rule_based_agent_2"": 2}",3,-1,0,0,1,1,0,0,0,0
35063,63,4,our_agent,2,2,0,0,243,2,9,1,2,"{""rule_based_agent_0"": 3, ""rule_based_agent_1"": 7, ""rule_based_agent_2"": 2}",7,-5,0,0,1,0,1,3,0,0
35064,64,4,our_agent,2,2,0,0,400,0,9,0,2,"{""rule_based_agent_0"": 3, ""rule_based_agent_1"": 1, ""rule_based_agent_2"": 3}",3,-1,0,0,1,1,0,0,0,0
35065,65,4,our_agent,2,2,0,0,400,1,9,0,2,"{""rule_based_agent_0"": 1, ""rule_based_agent_1"": 3, ""rule_based_agent_2"": 3}",3,-1,0,0,1,1,0,0,0,0
35066,66,4,our_agent,3,3,0,0,103,0,9,1,1,"{""rule_based_agent_0"": 3, ""rule_based_agent_1"": 6, ""rule_based_agent_2"": 2}",6,-3,0,0,1,0,1,4,0,0
35067,67,4,our_agent,7,2,1,0,400,0,9,1,1,"{""rule_based_agent_0"": 3, ""rule_based_agent_1"": 0, ""rule_based_agent_2"": 4}",4,3,1,0,0,1,0,0,0,0
35068,68,4,our_agent,5,0,1,0,400,0,8,2,1,"{""rule_based_agent_0"": 2, ""rule_based_agent_1"": 8, ""rule_based_agent_2"": 3}",8,-3,0,0,1,1,0,0,0,0
35069,69,4,our_agent,3,3,0,0,400,0,9,1,1,"{""rule_based_agent_0"": 0, ""rule_based_agent_1"": 2, ""rule_based_agent_2"": 9}",9,-6,0,0,1,1,0,0,0,0
35070,70,4,our_agent,4,4,0,0,400,1,9,0,1,"{""rule_based_agent_0"": 2, ""rule_based_agent_1"": 2, ""rule_based_agent_2"": 1}",2,2,1,0,0,1,0,0,0,0
35071,71,4,our_agent,1,1,0,0,400,0,9,0,2,"{""rule_based_agent_0"": 4, ""rule_based_agent_1"": 2, ""rule_based_agent_2"": 2}",4,-3,0,0,1,1,0,0,0,0
35072,72,4,our_agent,1,1,0,0,400,1,9,0,2,"{""rule_based_agent_0"": 1, ""rule_based_agent_1"": 4, ""rule_based_agent_2"": 3}",4,-3,0,0,1,1,0,0,0,0
35073,73,4,our_agent,2,2,0,0,400,1,9,0,2,"{""rule_based_agent_0"": 4, ""rule_based_agent_1"": 2, ""rule_based_agent_2"": 1}",4,-2,0,0,1,1,0,0,0,0
35074,74,4,our_agent,2,2,0,0,400,0,9,0,1,"{""rule_based_agent_0"": 3, ""rule_based_agent_1"": 4, ""rule_based_agent_2"": 0}",4,-2,0,0,1,1,0,0,0,0
35075,75,4,our_agent,2,2,0,0,400,0,9,0,2,"{""rule_based_agent_0"": 0, ""rule_based_agent_1"": 4, ""rule_based_agent_2"": 3}",4,-2,0,0,1,1,0,0,0,0
35076,76,4,our_agent,8,3,1,0,187,2,9,2,1,"{""rule_based_agent_0"": 2, ""rule_based_agent_1"": 3, ""rule_based_agent_2"": 6}",6,2,1,0,0,0,1,3,0,0
35077,77,4,our_agent,4,4,0,0,400,1,9,1,0,"{""rule_based_agent_0"": 7, ""rule_based_agent_1"": 1, ""rule_based_agent_2"": 2}",7,-3,0,0,1,1,0,0,0,0
35078,78,4,our_agent,7,2,1,0,400,0,9,1,1,"{""rule_based_agent_0"": 1, ""rule_based_agent_1"": 5, ""rule_based_agent_2"": 1}",5,2,1,0,0,1,0,0,0,0
35079,79,4,our_agent,2,2,0,0,400,0,9,0,2,"{""rule_based_agent_0"": 3, ""rule_based_agent_1"": 3, ""rule_based_agent_2"": 1}",3,-1,0,0,1,1,0,0,0,0
35080,80,4,our_agent,2,2,0,0,400,0,9,0,1,"{""rule_based_agent_0"": 3, ""rule_based_agent_1"": 3, ""rule_based_agent_2"": 1}",3,-1,0,0,1,1,0,0,0,0
35081,81,4,our_agent,2,2,0,0,400,1,9,0,1,"{""rule_based_agent_0"": 4, ""rule_based_agent_1"": 1, ""rule_based_agent_2"": 2}",4,-2,0,0,1,1,0,0,0,0
35082,82,4,our_agent,2,2,0,0,63,0,9,2,2,"{""rule_based_agent_0"": 0, ""rule_based_agent_1"": 7, ""rule_based_agent_2"": 10}",10,-8,0,0,1,0,1,4,0,0
35083,83,4,our_agent,0,0,0,0,400,3,9,1,1,"{""rule_based_agent_0"": 2, ""rule_based_agent_1"": 9, ""rule_based_agent_2"": 3}",9,-9,0,0,1,1,0,0,0,0
35084,84,4,our_agent,0,0,0,0,400,0,9,1,0,"{""rule_based_agent_0"": 1, ""rule_based_agent_1"": 5, ""rule_based_agent_2"": 8}",8,-8,0,0,1,1,0,0,0,0
35085,85,4,our_agent,4,4,0,0,400,0,9,0,1,"{""rule_based_agent_0"": 1, ""rule_based_agent_1"": 3, ""rule_based_agent_2"": 1}",3,1,1,0,0,1,0,0,0,0
35086,86,4,our_agent,2,2,0,0,400,0,9,0,2,"{""rule_based_agent_0"": 3, ""rule_based_agent_1"": 1, ""rule_based_agent_2"": 3}",3,-1,0,0,1,1,0,0,0,0
35087,87,4,our_agent,7,2,1,0,214,1,9,3,0,"{""rule_based_agent_0"": 1, ""rule_based_agent_1"": 9, ""rule_based_agent_2"": 7}",9,-2,0,0,1,0,1,4,0,0
35088,88,4,our_agent,2,2,0,0,400,0,9,0,2,"{""rule_based_agent_0"": 3, ""rule_based_agent_1"": 4, ""rule_based_agent_2"": 0}",4,-2,0,0,1,1,0,0,0,0
35089,89,4,our_agent,4,4,0,0,400,0,9,0,2,"{""rule_based_agent_0"": 4, ""rule_based_agent_1"": 1, ""rule_based_agent_2"": 0}",4,0,0,1,0,1,0,0,0,0
35090,90,4,our_agent,4,4,0,0,400,0,8,2,2,"{""rule_based_agent_0"": 1, ""rule_based_agent_1"": 13, ""rule_based_agent_2"": 0}",13,-9,0,0,1,1,0,0,0,0
35091,91,4,our_agent,2,2,0,0,54,0,9,2,1,"{""rule_based_agent_0"": 7, ""rule_based_agent_1"": 0, ""rule_based_agent_2"": 10}",10,-8,0,0,1,0,1,4,0,0
35092,92,4,our_agent,4,4,0,0,400,0,9,0,1,"{""rule_based_agent_0"": 2, ""rule_based_agent_1"": 2, ""rule_based_agent_2"": 1}",2,2,1,0,0,1,0,0,0,0
35093,93,4,our_agent,3,3,0,0,400,0,9,0,1,"{""rule_based_agent_0"": 3, ""rule_based_agent_1"": 1, ""rule_based_agent_2"": 2}",3,0,0,1,0,1,0,0,0,0
35094,94,4,our_agent,2,2,0,0,400,1,8,1,2,"{""rule_based_agent_0"": 2, ""rule_based_agent_1"": 6, ""rule_based_agent_2"": 3}",6,-4,0,0,1,1,0,0,0,0
35095,95,4,our_agent,2,2,0,0,400,0,9,0,2,"{""rule_based_agent_0"": 1, ""rule_based_agent_1"": 3, ""rule_based_agent_2"": 3}",3,-1,0,0,1,1,0,0,0,0
35096,96,4,our_agent,2,2,0,0,400,0,9,0,2,"{""rule_based_agent_0"": 2, ""rule_based_agent_1"": 3, ""rule_based_agent_2"": 2}",3,-1,0,0,1,1,0,0,0,0
35097,97,4,our_agent,2,2,0,0,400,0,9,0,2,"{""rule_based_agent_0"": 2, ""rule_based_agent_1"": 1, ""rule_based_agent_2"": 4}",4,-2,0,0,1,1,0,0,0,0
35098,98,4,our_agent,6,1,1,0,400,0,8,2,0,"{""rule_based_agent_0"": 7, ""rule_based_agent_1"": 1, ""rule_based_agent_2"": 4}",7,-1,0,0,1,1,0,0,0,0
35099,99,4,our_agent,2,2,0,0,400,1,9,0,2,"{""rule_based_agent_0"": 5, ""rule_based_agent_1"": 2, ""rule_based_agent_2"": 0}",5,-3,0,0,1,1,0,0,0,0
35100,100,4,our_agent,2,2,0,0,400,0,9,1,1,"{""rule_based_agent_0"": 1, ""rule_based_agent_1"": 7, ""rule_based_agent_2"": 4}",7,-5,0,0,1,1,0,0,0,0
35101,101,4,our_agent,3,3,0,0,195,0,9,1,2,"{""rule_based_agent_0"": 2, ""rule_based_agent_1"": 8, ""rule_based_agent_2"": 1}",8,-5,0,0,1,0,1,4,0,0
35102,102,4,our_agent,3,3,0,0,400,0,9,0,2,"{""rule_based_agent_0"": 3, ""rule_based_agent_1"": 2, ""rule_based_agent_2"": 1}",3,0,0,1,0,1,0,0,0,0
35103,103,4,our_agent,2,2,0,0,400,0,9,1,0,"{""rule_based_agent_0"": 7, ""rule_based_agent_1"": 4, ""rule_based_agent_2"": 1}",7,-5,0,0,1,1,0,0,0,0
35104,104,4,our_agent,1,1,0,0,400,0,9,0,1,"{""rule_based_agent_0"": 2, ""rule_based_agent_1"": 5, ""rule_based_agent_2"": 1}",5,-4,0,0,1,1,0,0,0,0
35105,105,4,our_agent,2,2,0,0,70,1,9,1,1,"{""rule_based_agent_0"": 7, ""rule_based_agent_1"": 4, ""rule_based_agent_2"": 1}",7,-5,0,0,1,0,1,3,0,0
35106,106,4,our_agent,1,1,0,0,400,1,9,0,2,"{""rule_based_agent_0"": 4, ""rule_based_agent_1"": 1, ""rule_based_agent_2"": 3}",4,-3,0,0,1,1,0,0,0,0
35107,107,4,our_agent,2,2,0,0,400,0,9,0,1,"{""rule_based_agent_0"": 1, ""rule_based_agent_1"": 4, ""rule_based_agent_2"": 2}",4,-2,0,0,1,1,0,0,0,0
35108,108,4,our_agent,1,1,0,0,400,1,9,0,2,"{""rule_based_agent_0"": 2, ""rule_based_agent_1"": 4, ""rule_based_agent_2"": 2}",4,-3,0,0,1,1,0,0,0,0
35109,109,4,our_agent,1,1,0,0,400,0,9,0,1,"{""rule_based_agent_0"": 2, ""rule_based_agent_1"": 3, ""rule_based_agent_2"": 3}",3,-2,0,0,1,1,0,0,0,0
35110,110,4,our_agent,4,4,0,0,400,0,9,0,2,"{""rule_based_agent_0"": 2, ""rule_based_agent_1"": 1, ""rule_based_agent_2"": 2}",2,2,1,0,0,1,0,0,0,0
35111,111,4,our_agent,1,1,0,0,400,0,9,1,1,"{""rule_based_agent_0"": 6, ""rule_based_agent_1"": 5, ""rule_based_agent_2"": 2}",6,-5,0,0,1,1,0,0,0,0
35112,112,4,our_agent,3,3,0,0,95,1,9,1,2,"{""rule_based_agent_0"": 5, ""rule_based_agent_1"": 0, ""rule_based_agent_2"": 6}",6,-3,0,0,1,0,1,4,0,0
35113,113,4,our_agent,4,4,0,0,400,1,9,0,1,"{""rule_based_agent_0"": 1, ""rule_based_agent_1"": 1, ""rule_based_agent_2"": 3}",3,1,1,0,0,1,0,0,0,0
35114,114,4,our_agent,3,3,0,0,400,0,7,0,2,"{""rule_based_agent_0"": 1, ""rule_based_agent_1"": 1, ""rule_based_agent_2"": 2}",2,1,1,0,0,1,0,1,0,0
35115,115,4,our_agent,7,2,1,0,400,1,9,1,0,"{""rule_based_agent_0"": 4, ""rule_based_agent_1"": 2, ""rule_based_agent_2"": 1}",4,3,1,0,0,1,0,0,0,0
35116,116,4,our_agent,5,5,0,0,400,0,9,0,2,"{""rule_based_agent_0"": 1, ""rule_based_agent_1"": 2, ""rule_based_agent_2"": 1}",2,3,1,0,0,1,0,0,0,0
35117,117,4,our_agent,3,3,0,0,400,0,9,0,1,"{""rule_based_agent_0"": 2, ""rule_based_agent_1"": 4, ""rule_based_agent_2"": 0}",4,-1,0,0,1,1,0,0,0,0
35118,118,4,our_agent,2,2,0,0,400,0,8,0,2,"{""rule_based_agent_0"": 0, ""rule_based_agent_1"": 4, ""rule_based_agent_2"": 2}",4,-2,0,0,1,1,0,0,0,0
35119,119,4,our_agent,2,2,0,0,400,0,9,1,2,"{""rule_based_agent_0"": 2, ""rule_based_agent_1"": 8, ""rule_based_agent_2"": 2}",8,-6,0,0,1,1,0,0,0,0
35120,120,4,our_agent,4,4,0,0,400,0,9,1,2,"{""rule_based_agent_0"": 6, ""rule_based_agent_1"": 3, ""rule_based_agent_2"": 1}",6,-2,0,0,1,1,0,0,0,0
35121,121,4,our_agent,7,2,1,0,400,0,9,2,1,"{""rule_based_agent_0"": 8, ""rule_based_agent_1"": 4, ""rule_based_agent_2"": 0}",8,-1,0,0,1,1,0,0,0,0
35122,122,4,our_agent,7,2,1,0,400,0,9,1,2,"{""rule_based_agent_0"": 1, ""rule_based_agent_1"": 4, ""rule_based_agent_2"": 2}",4,3,1,0,0,1,0,0,0,0
35123,123,4,our_agent,7,2,1,0,400,1,9,1,1,"{""rule_based_agent_0"": 1, ""rule_based_agent_1"": 2, ""rule_based_agent_2"": 4}",4,3,1,0,0,1,0,0,0,0
35124,124,4,our_agent,8,3,1,0,400,0,8,1,0,"{""rule_based_agent_0"": 4, ""rule_based_agent_1"": 0, ""rule_based_agent_2"": 1}",4,4,1,0,0,1,0,0,0,0
35125,125,4,our_agent,3,3,0,0,106,0,9,4,2,"{""rule_based_agent_0"": 5, ""rule_based_agent_1"": 7, ""rule_based_agent_2"": 14}",14,-11,0,0,1,0,1,4,0,0
35126,126,4,our_agent,3,3,0,0,400,0,9,1,2,"{""rule_based_agent_0"": 8, ""rule_based_agent_1"": 1, ""rule_based_agent_2"": 2}",8,-5,0,0,1,1,0,0,0,0
35127,127,4,our_agent,1,1,0,0,60,0,9,1,1,"{""rule_based_agent_0"": 0, ""rule_based_agent_1"": 8, ""rule_based_agent_2"": 5}",8,-7,0,0,1,0,1,4,0,0
35128,128,4,our_agent,2,2,0,0,400,0,9,0,2,"{""rule_based_agent_0"": 5, ""rule_based_agent_1"": 1, ""rule_based_agent_2"": 1}",5,-3,0,0,1,1,0,0,0,0
35129,129,4,our_agent,1,1,0,0,400,0,9,0,1,"{""rule_based_agent_0"": 3, ""rule_based_agent_1"": 3, ""rule_based_agent_2"": 2}",3,-2,0,0,1,1,0,0,0,0
35130,130,4,our_agent,2,2,0,0,400,0,8,0,1,"{""rule_based_agent_0"": 3, ""rule_based_agent_1"": 0, ""rule_based_agent_2"": 3}",3,-1,0,0,1,1,0,0,0,0
35131,131,4,our_agent,3,3,0,0,400,0,9,1,0,"{""rule_based_agent_0"": 2, ""rule_based_agent_1"": 9, ""rule_based_agent_2"": 0}",9,-6,0,0,1,1,0,0,0,0
35132,132,4,our_agent,4,4,0,0,400,0,9,0,1,"{""rule_based_agent_0"": 2, ""rule_based_agent_1"": 1, ""rule_based_agent_2"": 2}",2,2,1,0,0,1,0,0,0,0
35133,133,4,our_agent,2,2,0,0,400,0,9,0,1,"{""rule_based_agent_0"": 0, ""rule_based_agent_1"": 3, ""rule_based_agent_2"": 4}",4,-2,0,0,1,1,0,0,0,0
35134,134,4,our_agent,6,1,1,0,114,0,9,4,2,"{""rule_based_agent_0"": 1, ""rule_based_agent_1"": 10, ""rule_based_agent_2"": 12}",12,-6,0,0,1,0,1,4,0,0
35135,135,4,our_agent,1,1,0,0,108,2,9,2,2,"{""rule_based_agent_0"": 9, ""rule_based_agent_1"": 3, ""rule_based_agent_2"": 6}",9,-8,0,0,1,0,1,2,0,0
35136,136,4,our_agent,3,3,0,0,400,0,8,0,2,"{""rule_based_agent_0"": 3, ""rule_based_agent_1"": 1, ""rule_based_agent_2"": 1}",3,0,0,1,0,1,0,0,0,0
35137,137,4,our_agent,1,1,0,0,75,1,9,1,1,"{""rule_based_agent_0"": 6, ""rule_based_agent_1"": 3, ""rule_based_agent_2"": 4}",6,-5,0,0,1,0,1,4,0,0
35138,138,4,our_agent,1,1,0,0,400,0,9,0,1,"{""rule_based_agent_0"": 2, ""rule_based_agent_1"": 3, ""rule_based_agent_2"": 3}",3,-2,0,0,1,1,0,0,0,0
35139,139,4,our_agent,1,1,0,0,400,0,9,1,0,"{""rule_based_agent_0"": 2, ""rule_based_agent_1"": 8, ""rule_based_agent_2"": 3}",8,-7,0,0,1,1,0,0,0,0
35140,140,4,our_agent,13,3,2,0,400,1,9,2,1,"{""rule_based_agent_0"": 1, ""rule_based_agent_1"": 3, ""rule_based_agent_2"": 2}",3,10,1,0,0,1,0,0,0,0
35141,141,4,our_agent,3,3,0,0,400,0,9,0,2,"{""rule_based_agent_0"": 1, ""rule_based_agent_1"": 4, ""rule_based_agent_2"": 1}",4,-1,0,0,1,1,0,0,0,0
35142,142,4,our_agent,2,2,0,0,400,1,9,1,2,"{""rule_based_agent_0"": 2, ""rule_based_agent_1"": 2, ""rule_based_agent_2"": 8}",8,-6,0,0,1,1,0,0,0,0
35143,143,4,our_agent,4,4,0,0,400,0,8,0,3,"{""rule_based_agent_0"": 1, ""rule_based_agent_1"": 0, ""rule_based_agent_2"": 3}",3,1,1,0,0,1,0,0,0,0
35144,144,4,our_agent,3,3,0,0,400,0,9,0,1,"{""rule_based_agent_0"": 1, ""rule_based_agent_1"": 2, ""rule_based_agent_2"": 3}",3,0,0,1,0,1,0,2,0,0
35145,145,4,our_agent,3,3,0,0,400,0,9,0,1,"{""rule_based_agent_0"": 5, ""rule_based_agent_1"": 0, ""rule_based_agent_2"": 1}",5,-2,0,0,1,1,0,0,0,0
35146,146,4,our_agent,2,2,0,0,75,0,9,2,2,"{""rule_based_agent_0"": 8, ""rule_based_agent_1"": 8, ""rule_based_agent_2"": 1}",8,-6,0,0,1,0,1,4,0,0
35147,147,4,our_agent,3,3,0,0,400,0,9,1,2,"{""rule_based_agent_0"": 1, ""rule_based_agent_1"": 10, ""rule_based_agent_2"": 0}",10,-7,0,0,1,1,0,0,0,0
35148,148,4,our_agent,0,0,0,0,400,0,9,0,1,"{""rule_based_agent_0"": 6, ""rule_based_agent_1"": 0, ""rule_based_agent_2"": 3}",6,-6,0,0,1,1,0,0,0,0
35149,149,4,our_agent,5,5,0,0,400,0,9,0,1,"{""rule_based_agent_0"": 3, ""rule_based_agent_1"": 0, ""rule_based_agent_2"": 1}",3,2,1,0,0,1,0,0,0,0
35150,150,4,our_agent,3,3,0,0,400,0,9,0,1,"{""rule_based_agent_0"": 1, ""rule_based_agent_1"": 2, ""rule_based_agent_2"": 3}",3,0,0,1,0,1,0,0,0,0
35151,151,4,our_agent,2,2,0,0,400,0,9,1,2,"{""rule_based_agent_0"": 1, ""rule_based_agent_1"": 2, ""rule_based_agent_2"": 9}",9,-7,0,0,1,1,0,0,0,0
35152,152,4,our_agent,3,3,0,0,400,3,9,0,1,"{""rule_based_agent_0"": 1, ""rule_based_agent_1"": 3, ""rule_based_agent_2"": 2}",3,0,0,1,0,1,0,0,0,0
35153,153,4,our_agent,1,1,0,0,400,0,9,0,1,"{""rule_based_agent_0"": 2, ""rule_based_agent_1"": 3, ""rule_based_agent_2"": 3}",3,-2,0,0,1,1,0,0,0,0
35154,154,4,our_agent,4,4,0,0,253,1,9,2,1,"{""rule_based_agent_0"": 2, ""rule_based_agent_1"": 0, ""rule_based_agent_2"": 13}",13,-9,0,0,1,0,1,3,0,0
35155,155,4,our_agent,1,1,0,0,400,1,9,1,2,"{""rule_based_agent_0"": 6, ""rule_based_agent_1"": 5, ""rule_based_agent_2"": 2}",6,-5,0,0,1,1,0,0,0,0
35156,156,4,our_agent,1,1,0,0,400,0,9,0,2,"{""rule_based_agent_0"": 2, ""rule_based_agent_1"": 2, ""rule_based_agent_2"": 4}",4,-3,0,0,1,1,0,0,0,0
35157,157,4,our_agent,5,5,0,0,400,0,9,0,1,"{""rule_based_agent_0"": 0, ""rule_based_agent_1"": 3, ""rule_based_agent_2"": 1}",3,2,1,0,0,1,0,0,0,0
35158,158,4,our_agent,2,2,0,0,104,1,9,1,2,"{""rule_based_agent_0"": 1, ""rule_based_agent_1"": 3, ""rule_based_agent_2"": 8}",8,-6,0,0,1,0,1,4,0,0
35159,159,4,our_agent,2,2,0,0,400,0,9,1,1,"{""rule_based_agent_0"": 1, ""rule_based_agent_1"": 7, ""rule_based_agent_2"": 4}",7,-5,0,0,1,1,0,0,0,0
35160,160,4,our_agent,7,2,1,0,400,0,9,1,0,"{""rule_based_agent_0"": 2, ""rule_based_agent_1"": 1, ""rule_based_agent_2"": 4}",4,3,1,0,0,1,0,0,0,0
35161,161,4,our_agent,2,2,0,0,400,0,9,0,1,"{""rule_based_agent_0"": 2, ""rule_based_agent_1"": 4, ""rule_based_agent_2"": 1}",4,-2,0,0,1,1,0,0,0,0
35162,162,4,our_agent,3,3,0,0,400,1,9,1,1,"{""rule_based_agent_0"": 7, ""rule_based_agent_1"": 1, ""rule_based_agent_2"": 3}",7,-4,0,0,1,1,0,0,0,0
35163,163,4,our_agent,1,1,0,0,400,0,9,0,2,"{""rule_based_agent_0"": 2, ""rule_based_agent_1"": 2, ""rule_based_agent_2"": 4}",4,-3,0,0,1,1,0,0,0,0
35164,164,4,our_agent,8,3,1,0,400,0,9,1,0,"{""rule_based_agent_0"": 2, ""rule_based_agent_1"": 1, ""rule_based_agent_2"": 3}",3,5,1,0,0,1,0,0,0,0
35165,165,4,our_agent,3,3,0,0,400,0,9,1,0,"{""rule_based_agent_0"": 1, ""rule_based_agent_1"": 8, ""rule_based_agent_2"": 2}",8,-5,0,0,1,1,0,0,0,0
35166,166,4,our_agent,3,3,0,0,400,0,9,1,2,"{""rule_based_agent_0"": 7, ""rule_based_agent_1"": 2, ""rule_based_agent_2"": 2}",7,-4,0,0,1,1,0,0,0,0
35167,167,4,our_agent,1,1,0,0,400,0,9,1,1,"{""rule_based_agent_0"": 4, ""rule_based_agent_1"": 2, ""rule_based_agent_2"": 7}",7,-6,0,0,1,1,0,1,0,0
35168,168,4,our_agent,1,1,0,0,400,0,9,0,2,"{""rule_based_agent_0"": 2, ""rule_based_agent_1"": 3, ""rule_based_agent_2"": 3}",3,-2,0,0,1,1,0,0,0,0
35169,169,4,our_agent,2,2,0,0,83,0,9,2,2,"{""rule_based_agent_0"": 8, ""rule_based_agent_1"": 5, ""rule_based_agent_2"": 4}",8,-6,0,0,1,0,1,4,0,0
35170,170,4,our_agent,1,1,0,0,400,1,9,0,2,"{""rule_based_agent_0"": 1, ""rule_based_agent_1"": 4, ""rule_based_agent_2"": 3}",4,-3,0,0,1,1,0,0,0,0
35171,171,4,our_agent,2,2,0,0,400,0,9,0,2,"{""rule_based_agent_0"": 4, ""rule_based_agent_1"": 0, ""rule_based_agent_2"": 3}",4,-2,0,0,1,1,0,0,0,0
35172,172,4,our_agent,2,2,0,0,400,0,9,0,1,"{""rule_based_agent_0"": 5, ""rule_based_agent_1"": 0, ""rule_based_agent_2"": 2}",5,-3,0,0,1,1,0,0,0,0
35173,173,4,our_agent,2,2,0,0,400,0,9,0,1,"{""rule_based_agent_0"": 4, ""rule_based_agent_1"": 2, ""rule_based_agent_2"": 1}",4,-2,0,0,1,1,0,0,0,0
35174,174,4,our_agent,8,3,1,0,400,0,9,1,0,"{""rule_based_agent_0"": 0, ""rule_based_agent_1"": 3, ""rule_based_agent_2"": 3}",3,5,1,0,0,1,0,0,0,0
35175,175,4,our_agent,3,3,0,0,400,0,9,0,1,"{""rule_based_agent_0"": 3, ""rule_based_agent_1"": 2, ""rule_based_agent_2"": 1}",3,0,0,1,0,1,0,0,0,0
35176,176,4,our_agent,3,3,0,0,400,0,9,0,2,"{""rule_based_agent_0"": 2, ""rule_based_agent_1"": 4, ""rule_based_agent_2"": 0}",4,-1,0,0,1,1,0,0,0,0
35177,177,4,our_agent,1,1,0,0,400,0,8,1,1,"{""rule_based_agent_0"": 3, ""rule_based_agent_1"": 2, ""rule_based_agent_2"": 7}",7,-6,0,0,1,1,0,0,0,0
35178,178,4,our_agent,1,1,0,0,400,0,7,0,2,"{""rule_based_agent_0"": 2, ""rule_based_agent_1"": 3, ""rule_based_agent_2"": 1}",3,-2,0,0,1,1,0,0,0,0
35179,179,4,our_agent,5,5,0,0,400,1,9,0,2,"{""rule_based_agent_0"": 0, ""rule_based_agent_1"": 3, ""rule_based_agent_2"": 1}",3,2,1,0,0,1,0,0,0,0
35180,180,4,our_agent,8,3,1,0,125,0,9,2,0,"{""rule_based_agent_0"": 1, ""rule_based_agent_1"": 2, ""rule_based_agent_2"": 8}",8,0,0,1,0,0,1,2,0,0
35181,181,4,our_agent,5,5,0,0,400,0,9,1,0,"{""rule_based_agent_0"": 6, ""rule_based_agent_1"": 0, ""rule_based_agent_2"": 3}",6,-1,0,0,1,1,0,0,0,0
35182,182,4,our_agent,2,2,0,0,400,1,9,1,1,"{""rule_based_agent_0"": 3, ""rule_based_agent_1"": 2, ""rule_based_agent_2"": 7}",7,-5,0,0,1,1,0,0,0,0
35183,183,4,our_agent,3,3,0,0,400,0,9,0,2,"{""rule_based_agent_0"": 0, ""rule_based_agent_1"": 3, ""rule_based_agent_2"": 3}",3,0,0,1,0,1,0,0,0,0
35184,184,4,our_agent,9,4,1,0,400,0,9,1,0,"{""rule_based_agent_0"": 2, ""rule_based_agent_1"": 0, ""rule_based_agent_2"": 3}",3,6,1,0,0,1,0,0,0,0
35185,185,4,our_agent,6,1,1,0,259,1,9,2,2,"{""rule_based_agent_0"": 1, ""rule_based_agent_1"": 10, ""rule_based_agent_2"": 2}",10,-4,0,0,1,0,1,4,0,0
35186,186,4,our_agent,7,2,1,0,400,0,9,1,1,"{""rule_based_agent_0"": 3, ""rule_based_agent_1"": 0, ""rule_based_agent_2"": 4}",4,3,1,0,0,1,0,0,0,0
35187,187,4,our_agent,4,4,0,0,400,0,9,0,2,"{""rule_based_agent_0"": 2, ""rule_based_agent_1"": 2, ""rule_based_agent_2"": 1}",2,2,1,0,0,1,0,0,0,0
35188,188,4,our_agent,2,2,0,0,400,0,9,0,2,"{""rule_based_agent_0"": 1, ""rule_based_agent_1"": 1, ""rule_based_agent_2"": 5}",5,-3,0,0,1,1,0,0,0,0
35189,189,4,our_agent,7,2,1,0,400,0,8,1,1,"{""rule_based_agent_0"": 4, ""rule_based_agent_1"": 0, ""rule_based_agent_2"": 2}",4,3,1,0,0,1,0,0,0,0
35190,190,4,our_agent,2,2,0,0,400,0,9,1,1,"{""rule_based_agent_0"": 4, ""rule_based_agent_1"": 1, ""rule_based_agent_2"": 7}",7,-5,0,0,1,1,0,0,0,0
35191,191,4,our_agent,4,4,0,0,400,1,9,0,1,"{""rule_based_agent_0"": 2, ""rule_based_agent_1"": 2, ""rule_based_agent_2"": 1}",2,2,1,0,0,1,0,0,0,0
35192,192,4,our_agent,2,2,0,0,400,0,9,1,1,"{""rule_based_agent_0"": 3, ""rule_based_agent_1"": 7, ""rule_based_agent_2"": 2}",7,-5,0,0,1,1,0,0,0,0
35193,193,4,our_agent,2,2,0,0,400,1,7,0,2,"{""rule_based_agent_0"": 3, ""rule_based_agent_1"": 0, ""rule_based_agent_2"": 2}",3,-1,0,0,1,1,0,0,0,0
35194,194,4,our_agent,18,3,3,0,400,0,9,3,0,"{""rule_based_agent_0"": 3, ""rule_based_agent_1"": 2, ""rule_based_agent_2"": 1}",3,15,1,0,0,1,0,0,0,0
35195,195,4,our_agent,7,2,1,0,400,2,9,1,1,"{""rule_based_agent_0"": 0, ""rule_based_agent_1"": 3, ""rule_based_agent_2"": 4}",4,3,1,0,0,1,0,0,0,0
35196,196,4,our_agent,2,2,0,0,95,0,9,1,2,"{""rule_based_agent_0"": 2, ""rule_based_agent_1"": 8, ""rule_based_agent_2"": 2}",8,-6,0,0,1,0,1,4,0,0
35197,197,4,our_agent,5,5,0,0,400,0,9,0,2,"{""rule_based_agent_0"": 0, ""rule_based_agent_1"": 1, ""rule_based_agent_2"": 3}",3,2,1,0,0,1,0,0,0,0
35198,198,4,our_agent,2,2,0,0,400,1,9,1,1,"{""rule_based_agent_0"": 2, ""rule_based_agent_1"": 9, ""rule_based_agent_2"": 1}",9,-7,0,0,1,1,0,0,0,0
35199,199,4,our_agent,4,4,0,0,400,1,9,1,1,"{""rule_based_agent_0"": 1, ""rule_based_agent_1"": 0, ""rule_based_agent_2"": 9}",9,-5,0,0,1,1,0,0,0,0
35200,200,4,our_agent,1,1,0,0,400,0,9,0,2,"{""rule_based_agent_0"": 3, ""rule_based_agent_1"": 2, ""rule_based_agent_2"": 3}",3,-2,0,0,1,1,0,0,0,0
35201,201,4,our_agent,6,6,0,0,400,0,9,2,0,"{""rule_based_agent_0"": 2, ""rule_based_agent_1"": 6, ""rule_based_agent_2"": 5}",6,0,0,1,0,1,0,0,0,0
35202,202,4,our_agent,7,2,1,0,400,0,9,1,1,"{""rule_based_agent_0"": 3, ""rule_based_agent_1"": 3, ""rule_based_agent_2"": 1}",3,4,1,0,0,1,0,0,0,0
35203,203,4,our_agent,7,2,1,0,258,0,9,2,2,"{""rule_based_agent_0"": 2, ""rule_based_agent_1"": 2, ""rule_based_agent_2"": 8}",8,-1,0,0,1,1,0,0,0,0
35204,204,4,our_agent,5,5,0,0,400,0,9,0,2,"{""rule_based_agent_0"": 1, ""rule_based_agent_1"": 1, ""rule_based_agent_2"": 2}",2,3,1,0,0,1,0,0,0,0
35205,205,4,our_agent,3,3,0,0,400,0,9,0,2,"{""rule_based_agent_0"": 0, ""rule_based_agent_1"": 5, ""rule_based_agent_2"": 1}",5,-2,0,0,1,1,0,0,0,0
35206,206,4,our_agent,11,1,2,0,400,0,8,2,0,"{""rule_based_agent_0"": 5, ""rule_based_agent_1"": 1, ""rule_based_agent_2"": 1}",5,6,1,0,0,1,0,0,0,0
35207,207,4,our_agent,7,2,1,0,400,1,9,1,1,"{""rule_based_agent_0"": 0, ""rule_based_agent_1"": 2, ""rule_based_agent_2"": 5}",5,2,1,0,0,1,0,0,0,0
35208,208,4,our_agent,3,3,0,0,400,0,9,0,2,"{""rule_based_agent_0"": 1, ""rule_based_agent_1"": 2, ""rule_based_agent_2"": 3}",3,0,0,1,0,1,0,0,0,0
35209,209,4,our_agent,8,3,1,0,400,0,9,1,2,"{""rule_based_agent_0"": 4, ""rule_based_agent_1"": 1, ""rule_based_agent_2"": 1}",4,4,1,0,0,1,0,0,0,0
35210,210,4,our_agent,2,2,0,0,400,0,9,0,1,"{""rule_based_agent_0"": 4, ""rule_based_agent_1"": 2, ""rule_based_agent_2"": 1}",4,-2,0,0,1,1,0,0,0,0
35211,211,4,our_agent,2,2,0,0,157,1,9,1,1,"{""rule_based_agent_0"": 4, ""rule_based_agent_1"": 7, ""rule_based_agent_2"": 1}",7,-5,0,0,1,0,1,3,0,0
35212,212,4,our_agent,3,3,0,0,400,2,9,1,2,"{""rule_based_agent_0"": 2, ""rule_based_agent_1"": 1, ""rule_based_agent_2"": 8}",8,-5,0,0,1,1,0,0,0,0
35213,213,4,our_agent,7,7,0,0,400,1,9,0,1,"{""rule_based_agent_0"": 2, ""rule_based_agent_1"": 0, ""rule_based_agent_2"": 0}",2,5,1,0,0,1,0,0,0,0
35214,214,4,our_agent,2,2,0,0,400,1,9,0,2,"{""rule_based_agent_0"": 0, ""rule_based_agent_1"": 3, ""rule_based_agent_2"": 4}",4,-2,0,0,1,1,0,0,0,0
35215,215,4,our_agent,3,3,0,0,400,0,9,0,1,"{""rule_based_agent_0"": 2, ""rule_based_agent_1"": 1, ""rule_based_agent_2"": 3}",3,0,0,1,0,1,0,0,0,0
35216,216,4,our_agent,1,1,0,0,400,0,9,0,1,"{""rule_based_agent_0"": 3, ""rule_based_agent_1"": 2, ""rule_based_agent_2"": 3}",3,-2,0,0,1,1,0,0,0,0
35217,217,4,our_agent,1,1,0,0,400,0,9,0,1,"{""rule_based_agent_0"": 2, ""rule_based_agent_1"": 1, ""rule_based_agent_2"": 5}",5,-4,0,0,1,1,0,0,0,0
35218,218,4,our_agent,2,2,0,0,400,1,9,0,1,"{""rule_based_agent_0"": 6, ""rule_based_agent_1"": 0, ""rule_based_agent_2"": 1}",6,-4,0,0,1,1,0,0,0,0
35219,219,4,our_agent,3,3,0,0,400,2,9,0,1,"{""rule_based_agent_0"": 2, ""rule_based_agent_1"": 1, ""rule_based_agent_2"": 3}",3,0,0,1,0,1,0,0,0,0
35220,220,4,our_agent,2,2,0,0,400,0,9,1,1,"{""rule_based_agent_0"": 2, ""rule_based_agent_1"": 9, ""rule_based_agent_2"": 1}",9,-7,0,0,1,1,0,0,0,0
35221,221,4,our_agent,2,2,0,0,400,0,9,0,2,"{""rule_based_agent_0"": 3, ""rule_based_agent_1"": 2, ""rule_based_agent_2"": 2}",3,-1,0,0,1,1,0,0,0,0
35222,222,4,our_agent,2,2,0,0,293,1,9,2,1,"{""rule_based_agent_0"": 6, ""rule_based_agent_1"": 4, ""rule_based_agent_2"": 7}",7,-5,0,0,1,0,1,4,0,0
35223,223,4,our_agent,1,1,0,0,400,0,9,0,1,"{""rule_based_agent_0"": 3, ""rule_based_agent_1"": 3, ""rule_based_agent_2"": 2}",3,-2,0,0,1,1,0,1,0,0
35224,224,4,our_agent,10,5,1,0,400,1,9,1,1,"{""rule_based_agent_0"": 1, ""rule_based_agent_1"": 1, ""rule_based_agent_2"": 2}",2,8,1,0,0,1,0,0,0,0
35225,225,4,our_agent,2,2,0,0,400,1,9,0,1,"{""rule_based_agent_0"": 3, ""rule_based_agent_1"": 2, ""rule_based_agent_2"": 2}",3,-1,0,0,1,1,0,0,0,0
35226,226,4,our_agent,5,5,0,0,400,0,9,0,2,"{""rule_based_agent_0"": 2, ""rule_based_agent_1"": 0, ""rule_based_agent_2"": 2}",2,3,1,0,0,1,0,0,0,0
35227,227,4,our_agent,4,4,0,0,400,0,9,1,1,"{""rule_based_agent_0"": 8, ""rule_based_agent_1"": 2, ""rule_based_agent_2"": 0}",8,-4,0,0,1,1,0,0,0,0
35228,228,4,our_agent,6,1,1,0,400,0,9,1,1,"{""rule_based_agent_0"": 1, ""rule_based_agent_1"": 2, ""rule_based_agent_2"": 5}",5,1,1,0,0,1,0,0,0,0
35229,229,4,our_agent,0,0,0,0,105,1,9,1,1,"{""rule_based_agent_0"": 3, ""rule_based_agent_1"": 8, ""rule_based_agent_2"": 3}",8,-8,0,0,1,0,1,4,0,0
35230,230,4,our_agent,1,1,0,0,180,0,9,1,1,"{""rule_based_agent_0"": 4, ""rule_based_agent_1"": 8, ""rule_based_agent_2"": 1}",8,-7,0,0,1,0,1,4,0,0
35231,231,4,our_agent,5,5,0,0,400,0,9,1,1,"{""rule_based_agent_0"": 0, ""rule_based_agent_1"": 1, ""rule_based_agent_2"": 8}",8,-3,0,0,1,1,0,0,0,0
35232,232,4,our_agent,6,6,0,0,400,1,9,0,2,"{""rule_based_agent_0"": 0, ""rule_based_agent_1"": 1, ""rule_based_agent_2"": 2}",2,4,1,0,0,1,0,1,0,0
35233,233,4,our_agent,9,4,1,0,400,0,9,1,0,"{""rule_based_agent_0"": 2, ""rule_based_agent_1"": 2, ""rule_based_agent_2"": 1}",2,7,1,0,0,1,0,0,0,0
35234,234,4,our_agent,5,5,0,0,400,1,9,0,1,"{""rule_based_agent_0"": 0, ""rule_based_agent_1"": 2, ""rule_based_agent_2"": 2}",2,3,1,0,0,1,0,0,0,0
35235,235,4,our_agent,1,1,0,0,199,1,9,1,1,"{""rule_based_agent_0"": 2, ""rule_based_agent_1"": 9, ""rule_based_agent_2"": 2}",9,-8,0,0,1,0,1,4,0,0
35236,236,4,our_agent,3,3,0,0,400,1,9,1,1,"{""rule_based_agent_0"": 6, ""rule_based_agent_1"": 3, ""rule_based_agent_2"": 2}",6,-3,0,0,1,1,0,0,0,0
35237,237,4,our_agent,7,2,1,0,400,1,9,1,0,"{""rule_based_agent_0"": 3, ""rule_based_agent_1"": 3, ""rule_based_agent_2"": 1}",3,4,1,0,0,1,0,0,0,0
35238,238,4,our_agent,3,3,0,0,400,0,9,1,1,"{""rule_based_agent_0"": 0, ""rule_based_agent_1"": 4, ""rule_based_agent_2"": 7}",7,-4,0,0,1,1,0,0,0,0
35239,239,4,our_agent,3,3,0,0,400,0,9,0,1,"{""rule_based_agent_0"": 3, ""rule_based_agent_1"": 2, ""rule_based_agent_2"": 1}",3,0,0,1,0,1,0,1,0,0
35240,240,4,our_agent,7,2,1,0,400,0,9,1,0,"{""rule_based_agent_0"": 1, ""rule_based_agent_1"": 3, ""rule_based_agent_2"": 3}",3,4,1,0,0,1,0,0,0,0
35241,241,4,our_agent,7,2,1,0,400,0,9,1,1,"{""rule_based_agent_0"": 1, ""rule_based_agent_1"": 6, ""rule_based_agent_2"": 0}",6,1,1,0,0,1,0,0,0,0
35242,242,4,our_agent,5,5,0,0,400,0,9,1,1,"{""rule_based_agent_0"": 3, ""rule_based_agent_1"": 0, ""rule_based_agent_2"": 6}",6,-1,0,0,1,1,0,0,0,0
35243,243,4,our_agent,3,3,0,0,400,0,9,0,0,"{""rule_based_agent_0"": 2, ""rule_based_agent_1"": 2, ""rule_based_agent_2"": 2}",2,1,1,0,0,1,0,0,0,0
35244,244,4,our_agent,2,2,0,0,400,0,9,0,1,"{""rule_based_agent_0"": 3, ""rule_based_agent_1"": 2, ""rule_based_agent_2"": 2}",3,-1,0,0,1,1,0,0,0,0
35245,245,4,our_agent,2,2,0,0,400,0,9,0,1,"{""rule_based_agent_0"": 3, ""rule_based_agent_1"": 1, ""rule_based_agent_2"": 3}",3,-1,0,0,1,1,0,0,0,0
35246,246,4,our_agent,2,2,0,0,400,0,9,0,1,"{""rule_based_agent_0"": 2, ""rule_based_agent_1"": 4, ""rule_based_agent_2"": 1}",4,-2,0,0,1,1,0,0,0,0
35247,247,4,our_agent,2,2,0,0,400,0,9,0,1,"{""rule_based_agent_0"": 3, ""rule_based_agent_1"": 0, ""rule_based_agent_2"": 4}",4,-2,0,0,1,1,0,0,0,0
35248,248,4,our_agent,1,1,0,0,400,0,9,0,2,"{""rule_based_agent_0"": 4, ""rule_based_agent_1"": 1, ""rule_based_agent_2"": 3}",4,-3,0,0,1,1,0,0,0,0
35249,249,4,our_agent,2,2,0,0,400,0,9,1,1,"{""rule_based_agent_0"": 8, ""rule_based_agent_1"": 2, ""rule_based_agent_2"": 2}",8,-6,0,0,1,1,0,0,0,0
35250,250,4,our_agent,5,0,1,0,400,1,9,1,2,"{""rule_based_agent_0"": 3, ""rule_based_agent_1"": 3, ""rule_based_agent_2"": 3}",3,2,1,0,0,1,0,1,0,0
35251,251,4,our_agent,2,2,0,0,85,0,9,1,2,"{""rule_based_agent_0"": 2, ""rule_based_agent_1"": 7, ""rule_based_agent_2"": 3}",7,-5,0,0,1,0,1,4,0,0
35252,252,4,our_agent,2,2,0,0,400,0,9,0,2,"{""rule_based_agent_0"": 3, ""rule_based_agent_1"": 1, ""rule_based_agent_2"": 3}",3,-1,0,0,1,1,0,0,0,0
35253,253,4,our_agent,3,3,0,0,228,0,9,1,1,"{""rule_based_agent_0"": 0, ""rule_based_agent_1"": 9, ""rule_based_agent_2"": 2}",9,-6,0,0,1,0,1,4,0,0
35254,254,4,our_agent,3,3,0,0,400,0,9,0,3,"{""rule_based_agent_0"": 3, ""rule_based_agent_1"": 2, ""rule_based_agent_2"": 1}",3,0,0,1,0,1,0,0,0,0
35255,255,4,our_agent,9,4,1,0,400,0,9,2,0,"{""rule_based_agent_0"": 7, ""rule_based_agent_1"": 2, ""rule_based_agent_2"": 1}",7,2,1,0,0,1,0,0,0,0
35256,256,4,our_agent,8,3,1,0,400,0,9,1,1,"{""rule_based_agent_0"": 0, ""rule_based_agent_1"": 6, ""rule_based_agent_2"": 0}",6,2,1,0,0,1,0,0,0,0
35257,257,4,our_agent,3,3,0,0,147,1,9,1,1,"{""rule_based_agent_0"": 2, ""rule_based_agent_1"": 8, ""rule_based_agent_2"": 1}",8,-5,0,0,1,0,1,3,0,0
35258,258,4,our_agent,2,2,0,0,400,1,9,0,2,"{""rule_based_agent_0"": 2, ""rule_based_agent_1"": 3, ""rule_based_agent_2"": 2}",3,-1,0,0,1,1,0,0,0,0
35259,259,4,our_agent,2,2,0,0,400,1,9,0,1,"{""rule_based_agent_0"": 3, ""rule_based_agent_1"": 0, ""rule_based_agent_2"": 4}",4,-2,0,0,1,1,0,0,0,0
35260,260,4,our_agent,3,3,0,0,400,0,9,0,1,"{""rule_based_agent_0"": 1, ""rule_based_agent_1"": 3, ""rule_based_agent_2"": 2}",3,0,0,1,0,1,0,1,0,0
35261,261,4,our_agent,1,1,0,0,400,4,8,1,1,"{""rule_based_agent_0"": 3, ""rule_based_agent_1"": 3, ""rule_based_agent_2"": 6}",6,-5,0,0,1,1,0,0,0,0
35262,262,4,our_agent,3,3,0,0,400,1,9,0,1,"{""rule_based_agent_0"": 3, ""rule_based_agent_1"": 2, ""rule_based_agent_2"": 1}",3,0,0,1,0,1,0,0,0,0
35263,263,4,our_agent,8,3,1,0,400,1,9,2,0,"{""rule_based_agent_0"": 8, ""rule_based_agent_1"": 2, ""rule_based_agent_2"": 1}",8,0,0,1,0,1,0,0,0,0
35264,264,4,our_agent,0,0,0,0,400,0,9,2,0,"{""rule_based_agent_0"": 9, ""rule_based_agent_1"": 8, ""rule_based_agent_2"": 2}",9,-9,0,0,1,1,0,0,0,0
35265,265,4,our_agent,7,2,1,0,130,0,9,3,0,"{""rule_based_agent_0"": 1, ""rule_based_agent_1"": 6, ""rule_based_agent_2"": 10}",10,-3,0,0,1,0,1,4,0,0
35266,266,4,our_agent,5,5,0,0,400,0,9,0,2,"{""rule_based_agent_0"": 1, ""rule_based_agent_1"": 2, ""rule_based_agent_2"": 1}",2,3,1,0,0,1,0,0,0,0
35267,267,4,our_agent,4,4,0,0,400,0,9,0,2,"{""rule_based_agent_0"": 0, ""rule_based_agent_1"": 2, ""rule_based_agent_2"": 3}",3,1,1,0,0,1,0,0,0,0
35268,268,4,our_agent,2,2,0,0,400,0,9,0,1,"{""rule_based_agent_0"": 3, ""rule_based_agent_1"": 2, ""rule_based_agent_2"": 2}",3,-1,0,0,1,1,0,0,0,0
35269,269,4,our_agent,5,5,0,0,400,0,9,0,1,"{""rule_based_agent_0"": 3, ""rule_based_agent_1"": 1, ""rule_based_agent_2"": 0}",3,2,1,0,0,1,0,0,0,0
35270,270,4,our_agent,0,0,0,0,114,1,9,1,2,"{""rule_based_agent_0"": 10, ""rule_based_agent_1"": 3, ""rule_based_agent_2"": 1}",10,-10,0,0,1,0,1,4,0,0
35271,271,4,our_agent,2,2,0,0,400,0,9,1,1,"{""rule_based_agent_0"": 2, ""rule_based_agent_1"": 7, ""rule_based_agent_2"": 3}",7,-5,0,0,1,1,0,0,0,0
35272,272,4,our_agent,3,3,0,0,400,0,9,0,2,"{""rule_based_agent_0"": 3, ""rule_based_agent_1"": 2, ""rule_based_agent_2"": 1}",3,0,0,1,0,1,0,0,0,0
35273,273,4,our_agent,2,2,0,0,400,0,9,0,1,"{""rule_based_agent_0"": 2, ""rule_based_agent_1"": 2, ""rule_based_agent_2"": 3}",3,-1,0,0,1,1,0,0,0,0
35274,274,4,our_agent,3,3,0,0,400,0,9,1,0,"{""rule_based_agent_0"": 4, ""rule_based_agent_1"": 6, ""rule_based_agent_2"": 1}",6,-3,0,0,1,1,0,0,0,0
35275,275,4,our_agent,2,2,0,0,139,0,9,2,2,"{""rule_based_agent_0"": 4, ""rule_based_agent_1"": 12, ""rule_based_agent_2"": 1}",12,-10,0,0,1,0,1,4,0,0
35276,276,4,our_agent,1,1,0,0,400,0,9,1,2,"{""rule_based_agent_0"": 5, ""rule_based_agent_1"": 5, ""rule_based_agent_2"": 3}",5,-4,0,0,1,1,0,0,0,0
35277,277,4,our_agent,2,2,0,0,400,0,9,0,2,"{""rule_based_agent_0"": 5, ""rule_based_agent_1"": 2, ""rule_based_agent_2"": 0}",5,-3,0,0,1,1,0,0,0,0
35278,278,4,our_agent,1,1,0,0,400,0,9,0,2,"{""rule_based_agent_0"": 5, ""rule_based_agent_1"": 1, ""rule_based_agent_2"": 2}",5,-4,0,0,1,1,0,0,0,0
35279,279,4,our_agent,1,1,0,0,400,2,9,0,2,"{""rule_based_agent_0"": 5, ""rule_based_agent_1"": 1, ""rule_based_agent_2"": 2}",5,-4,0,0,1,1,0,0,0,0
35280,280,4,our_agent,2,2,0,0,400,0,9,0,1,"{""rule_based_agent_0"": 2, ""rule_based_agent_1"": 2, ""rule_based_agent_2"": 3}",3,-1,0,0,1,1,0,0,0,0
35281,281,4,our_agent,4,4,0,0,400,1,9,0,2,"{""rule_based_agent_0"": 2, ""rule_based_agent_1"": 3, ""rule_based_agent_2"": 0}",3,1,1,0,0,1,0,1,0,0
35282,282,4,our_agent,1,1,0,0,400,0,9,0,1,"{""rule_based_agent_0"": 4, ""rule_based_agent_1"": 1, ""rule_based_agent_2"": 3}",4,-3,0,0,1,1,0,0,0,0
35283,283,4,our_agent,0,0,0,0,53,1,9,1,1,"{""rule_based_agent_0"": 2, ""rule_based_agent_1"": 3, ""rule_based_agent_2"": 9}",9,-9,0,0,1,0,1,4,0,0
35284,284,4,our_agent,2,2,0,0,400,0,9,1,0,"{""rule_based_agent_0"": 3, ""rule_based_agent_1"": 3, ""rule_based_agent_2"": 6}",6,-4,0,0,1,1,0,0,0,0
35285,285,4,our_agent,3,3,0,0,226,0,9,2,1,"{""rule_based_agent_0"": 4, ""rule_based_agent_1"": 7, ""rule_based_agent_2"": 5}",7,-4,0,0,1,0,1,4,0,0
35286,286,4,our_agent,5,5,0,0,400,0,9,0,1,"{""rule_based_agent_0"": 2, ""rule_based_agent_1"": 2, ""rule_based_agent_2"": 0}",2,3,1,0,0,1,0,0,0,0
35287,287,4,our_agent,4,4,0,0,400,0,9,1,0,"{""rule_based_agent_0"": 4, ""rule_based_agent_1"": 0, ""rule_based_agent_2"": 6}",6,-2,0,0,1,1,0,0,0,0
35288,288,4,our_agent,4,4,0,0,400,0,9,1,0,"{""rule_based_agent_0"": 2, ""rule_based_agent_1"": 6, ""rule_based_agent_2"": 2}",6,-2,0,0,1,1,0,0,0,0
35289,289,4,our_agent,2,2,0,0,400,0,8,0,2,"{""rule_based_agent_0"": 1, ""rule_based_agent_1"": 4, ""rule_based_agent_2"": 1}",4,-2,0,0,1,1,0,0,0,0
35290,290,4,our_agent,2,2,0,0,400,0,9,0,2,"{""rule_based_agent_0"": 1, ""rule_based_agent_1"": 2, ""rule_based_agent_2"": 4}",4,-2,0,0,1,1,0,0,0,0
35291,291,4,our_agent,2,2,0,0,77,0,9,2,1,"{""rule_based_agent_0"": 2, ""rule_based_agent_1"": 2, ""rule_based_agent_2"": 13}",13,-11,0,0,1,0,1,4,0,0
35292,292,4,our_agent,6,1,1,0,400,1,9,1,1,"{""rule_based_agent_0"": 4, ""rule_based_agent_1"": 2, ""rule_based_agent_2"": 2}",4,2,1,0,0,1,0,0,0,0
35293,293,4,our_agent,2,2,0,0,400,0,9,0,1,"{""rule_based_agent_0"": 3, ""rule_based_agent_1"": 2, ""rule_based_agent_2"": 2}",3,-1,0,0,1,1,0,0,0,0
35294,294,4,our_agent,1,1,0,0,400,1,9,1,0,"{""rule_based_agent_0"": 4, ""rule_based_agent_1"": 1, ""rule_based_agent_2"": 8}",8,-7,0,0,1,1,0,0,0,0
35295,295,4,our_agent,1,1,0,0,400,1,8,0,2,"{""rule_based_agent_0"": 3, ""rule_based_agent_1"": 1, ""rule_based_agent_2"": 3}",3,-2,0,0,1,1,0,0,0,0
35296,296,4,our_agent,2,2,0,0,400,0,9,1,2,"{""rule_based_agent_0"": 1, ""rule_based_agent_1"": 2, ""rule_based_agent_2"": 9}",9,-7,0,0,1,1,0,0,0,0
35297,297,4,our_agent,7,2,1,0,400,1,9,1,1,"{""rule_based_agent_0"": 1, ""rule_based_agent_1"": 3, ""rule_based_agent_2"": 3}",3,4,1,0,0,1,0,0,0,0
35298,298,4,our_agent,5,0,1,0,400,0,9,1,1,"{""rule_based_agent_0"": 3, ""rule_based_agent_1"": 5, ""rule_based_agent_2"": 1}",5,0,0,1,0,1,0,0,0,0
35299,299,4,our_agent,1,1,0,0,400,0,9,1,1,"{""rule_based_agent_0"": 4, ""rule_based_agent_1"": 6, ""rule_based_agent_2"": 3}",6,-5,0,0,1,1,0,0,0,0
